상권명,점포수,총면적,점포밀도
동남상가,40.0,14832.0,0.0027
흑석시장,69.0,38857.0,0.0018
신흥시장,234.0,137160.0,0.0017
백련시장,33.0,29820.0,0.0011
만양로상점가,107.0,111888.0,0.001
공덕시장,151.0,163372.0,0.0009
이촌종합시장,219.0,299440.0,0.0007
이대 앞 스타트업 상점가,180.0,270936.0,0.0007
마포시장,199.0,271628.0,0.0007
신월중앙시장,52.0,70939.0,0.0007
삼구시장(로타리상가),63.0,91664.0,0.0007
삼성동 시장(삼성동시장),72.0,106720.0,0.0007
강남시장(강남구 강남시장),94.0,142596.0,0.0007
뚝도시장,395.0,686592.0,0.0006
길음시장,40.0,63568.0,0.0006
증산종합시장,77.0,129152.0,0.0006
대원종합시장,21.0,37104.0,0.0006
남서울상가,8.0,13564.0,0.0006
관악종합시장(신원시장),30.0,51699.0,0.0006
봉천제일종합시장,39.0,61580.0,0.0006
싸리고개근린공원,108.0,175152.0,0.0006
동대문역 3번,68.0,146576.0,0.0005
중랑역 2번,63.0,124416.0,0.0005
경희대학교(경희대),933.0,1942680.0,0.0005
인현시장,340.0,709992.0,0.0005
금남시장,198.0,405864.0,0.0005
"한양대앞상점가(한양시장, 왕십리맛골목)",482.0,929720.0,0.0005
면곡골목시장,55.0,101309.0,0.0005
태능엔터피아(태릉시장),27.0,53316.0,0.0005
구로시장,190.0,385560.0,0.0005
신동시장,20.0,36744.0,0.0005
강남시장(동작구 강남시장),28.0,57780.0,0.0005
신사상가,18.0,32868.0,0.0005
합정시장,4.0,7476.0,0.0005
team204(팀204),8.0,16888.0,0.0005
도산공원북측,92.0,231012.0,0.0004
동문시장,44.0,98124.0,0.0004
만리시장,71.0,162600.0,0.0004
청량리청과물시장,239.0,679128.0,0.0004
청량리전통시장,420.0,988448.0,0.0004
밤나무골시장,20.0,54008.0,0.0004
수일시장,83.0,188048.0,0.0004
응암시장(신응암시장),83.0,198120.0,0.0004
연서시장,282.0,779688.0,0.0004
인왕시장(홍제골목형상점가),229.0,592176.0,0.0004
서교시장,40.0,109200.0,0.0004
홍대소상공인상점가,620.0,1435640.0,0.0004
홍대 걷고싶은 거리,922.0,2325200.0,0.0004
동진시장,47.0,126821.0,0.0004
신정3동 골목시장,39.0,98679.0,0.0004
신정1동 골목시장(신정제일시장),122.0,332913.0,0.0004
영신상가(제일상가),31.0,83136.0,0.0004
우림시장,62.0,155184.0,0.0004
서원동상점가,909.0,2401040.0,0.0004
신림현대종합상가,43.0,103064.0,0.0004
양재시장,85.0,235452.0,0.0004
강남언주로,357.0,825192.0,0.0004
청담삼익시장,78.0,180696.0,0.0004
수유프라자,3.0,8260.0,0.0004
수족관거리,41.0,149168.0,0.0003
열정도,154.0,506520.0,0.0003
서울숲카페거리,363.0,1115264.0,0.0003
동대문중앙새마을금고본점,55.0,193680.0,0.0003
상계역,561.0,2228280.0,0.0003
서울과학기술대,180.0,623630.0,0.0003
충정로역 3번,138.0,533024.0,0.0003
개화산역 1번,156.0,608468.0,0.0003
대림차이나타운(대림역 12번),145.0,572288.0,0.0003
대동초등학교,146.0,561200.0,0.0003
대림썬프라자,71.0,207543.0,0.0003
안암역,289.0,1104680.0,0.0003
홍대입구역(홍대),4901.0,18476920.0,0.0003
상수역(홍대),1064.0,4082280.0,0.0003
종로신진시장,460.0,1488861.0,0.0003
창신골목시장,288.0,885168.0,0.0003
신금호역 골목형상점가,182.0,540864.0,0.0003
화양제일골목시장,145.0,521248.0,0.0003
경동광성상가(경동시장),28.0,83904.0,0.0003
청량리농수산물시장,105.0,389724.0,0.0003
동부시장,27.0,79404.0,0.0003
신아타운,56.0,168693.0,0.0003
돈암시장(돈암제일시장),238.0,711620.0,0.0003
꿈의숲 장곡 골목형상점가,79.0,255240.0,0.0003
동북프라자,50.0,194442.0,0.0003
"대림골목시장(대림시장, 양지시장)",209.0,633250.0,0.0003
연신내상점가(연빛거리),1185.0,4006240.0,0.0003
연희사러가,34.0,123838.0,0.0003
"이화여대 3,5,7길 상점가",570.0,2225520.0,0.0003
상암동상점가,1301.0,5100560.0,0.0003
화곡본동시장,149.0,595420.0,0.0003
등마루시장,16.0,57984.0,0.0003
독산동 맛나는거리상점가(독산동 맛나는거리),214.0,823480.0,0.0003
대림중앙 골목형상점가,92.0,311584.0,0.0003
도림시장,28.0,89568.0,0.0003
영진시장A동,26.0,82238.0,0.0003
신노량진시장(기능상실),40.0,158904.0,0.0003
사당1동먹자골목상점가(사당1동먹자골목),412.0,1612160.0,0.0003
신원시장,249.0,797040.0,0.0003
봉일시장,32.0,92036.0,0.0003
영동전통시장,463.0,1563880.0,0.0003
논현종합시장,13.0,47509.0,0.0003
마천시장,66.0,191140.0,0.0003
로데오거리상점가,566.0,2262560.0,0.0003
창덕궁,221.0,1147972.0,0.0002
동묘앞역 3번,31.0,147448.0,0.0002
회현역 1번,43.0,198560.0,0.0002
용산세무서,26.0,168740.0,0.0002
삼각지역 14번,45.0,215736.0,0.0002
오산중학교,88.0,518472.0,0.0002
서울숲역 1번,121.0,592992.0,0.0002
성수동카페거리,849.0,4747140.0,0.0002
뚝섬유원지역 1번,24.0,96732.0,0.0002
회기역 2번,28.0,124008.0,0.0002
태릉시장 특화거리,262.0,1639296.0,0.0002
하나은행 망우동지점,166.0,1028833.0,0.0002
안암역 3번,543.0,3291560.0,0.0002
국립4.19민주묘지,44.0,247440.0,0.0002
화랑대철도공원,76.0,481200.0,0.0002
가좌역 3번,78.0,325152.0,0.0002
미근동,270.0,1537664.0,0.0002
홍익지구대,80.0,504840.0,0.0002
연트럴파크(연남동주민센터),573.0,3459744.0,0.0002
홍대입구역 3번,491.0,1974840.0,0.0002
홍대땡땡거리,541.0,3397360.0,0.0002
공덕래미안3차아파트,52.0,318880.0,0.0002
아현역 4번,52.0,326071.0,0.0002
양목초등학교,68.0,408798.0,0.0002
우장산힐스테이트,80.0,527296.0,0.0002
강서구청옆,123.0,727552.0,0.0002
오류동역 4번,35.0,155193.0,0.0002
그라운드 고척,309.0,1766920.0,0.0002
영등포구청역 2번,227.0,1206288.0,0.0002
KT대방빌딩,28.0,143152.0,0.0002
흑리단길,200.0,1171120.0,0.0002
봉천역 4번(봉천110안전센터),224.0,1403168.0,0.0002
관악소방서(문영여고),28.0,128384.0,0.0002
청계산원터골,63.0,257835.0,0.0002
선사초등학교,25.0,132312.0,0.0002
서촌(경복궁역),1078.0,7065480.0,0.0002
종각역,2527.0,10813040.0,0.0002
인사동,1293.0,6563484.0,0.0002
종로3가역,3362.0,16060800.0,0.0002
대학로(혜화역),1900.0,10275520.0,0.0002
북창동(시청역_6번),775.0,4340680.0,0.0002
명동(명동거리),1647.0,8860600.0,0.0002
을지로3가역,1666.0,10190960.0,0.0002
충무로역,1501.0,9460640.0,0.0002
삼각지역,822.0,5376760.0,0.0002
남영동 먹자골목,637.0,2674800.0,0.0002
이태원(이태원역),2638.0,11337160.0,0.0002
건대입구역(건대),2287.0,11003280.0,0.0002
사가정역,251.0,1428480.0,0.0002
성북구청,327.0,1801404.0,0.0002
성신여대,1737.0,7891440.0,0.0002
수유역,1964.0,11893560.0,0.0002
미아사거리역,599.0,3767120.0,0.0002
노원역,2261.0,10707720.0,0.0002
연희동,823.0,4473160.0,0.0002
"신촌역(신촌역, 신촌로터리)",3162.0,13753160.0,0.0002
연남동(홍대),3971.0,17497880.0,0.0002
발산역(마곡),2986.0,16683040.0,0.0002
디지털단지오거리,274.0,1455888.0,0.0002
대림역,959.0,5702840.0,0.0002
여의도역(여의도),3825.0,23946320.0,0.0002
보라매공원,903.0,4787560.0,0.0002
사당역(사당),1687.0,10170280.0,0.0002
가로수길,1717.0,10267520.0,0.0002
강남역,3972.0,24701880.0,0.0002
역삼역,3433.0,22512280.0,0.0002
학동사거리,1623.0,10663880.0,0.0002
압구정로데오역(압구정로데오),2164.0,10628080.0,0.0002
선릉역,2183.0,14417360.0,0.0002
잠실새내역(신천),1931.0,9521880.0,0.0002
방이동먹자골목,1349.0,5867760.0,0.0002
문정역,2383.0,13337440.0,0.0002
통인시장,300.0,1224960.0,0.0002
세종마을음식문화거리(금천교시장),468.0,1982280.0,0.0002
낙원시장(낙원지하시장(대일상가)),33.0,173780.0,0.0002
광장시장(광장전통시장),426.0,2123936.0,0.0002
남대문시장(자유상가),623.0,2810448.0,0.0002
대림상가(청계상가),81.0,330150.0,0.0002
약수시장,162.0,901536.0,0.0002
동평화시장,56.0,241724.0,0.0002
신당 미래유산 먹거리 골목형상점가,75.0,326272.0,0.0002
서울중앙시장(신중앙시장),611.0,2800080.0,0.0002
백학시장,367.0,1688480.0,0.0002
"황학시장(서울중앙시장, 신중앙시장)",193.0,1230979.0,0.0002
용산용문시장,360.0,1569594.0,0.0002
이태원시장,84.0,338336.0,0.0002
행당시장상점가,458.0,2916288.0,0.0002
왕십리도선동상점가,627.0,3467800.0,0.0002
성수역 골목형상점가,50.0,266475.0,0.0002
영동교골목시장,32.0,171132.0,0.0002
노룬산시장(노룬산골목시장),44.0,259584.0,0.0002
능동로골목시장,147.0,898690.0,0.0002
조양시장,23.0,106560.0,0.0002
한아름시장,40.0,220800.0,0.0002
"중곡제일시장(중곡제일골목시장, 광성시장)",298.0,1503036.0,0.0002
신성시장(신성골목시장),72.0,355982.0,0.0002
용두시장,14.0,60797.0,0.0002
경동시장,191.0,767628.0,0.0002
청량리종합시장,74.0,486980.0,0.0002
회기시장,208.0,1288480.0,0.0002
답십리시장,132.0,798804.0,0.0002
답십리현대시장,107.0,440256.0,0.0002
이문제일시장,31.0,145820.0,0.0002
이경시장,46.0,232440.0,0.0002
중랑동부시장,377.0,1816848.0,0.0002
사가정시장,379.0,2364560.0,0.0002
정릉시장,337.0,2132720.0,0.0002
수유북부골목시장,4.0,18208.0,0.0002
"솔샘시장(미아6,7동골목시장)",146.0,677376.0,0.0002
수유중앙골목시장(수유중앙시장),167.0,1107288.0,0.0002
"수유전통시장(수유시장, 수유골목시장)",256.0,1110690.0,0.0002
강북종합전통시장(강북종합골목시장),455.0,2996040.0,0.0002
방천골목시장,101.0,526292.0,0.0002
쌍문역동측상점가,223.0,1354280.0,0.0002
신도봉시장,32.0,135760.0,0.0002
창동역상점가,325.0,1345120.0,0.0002
상계주공1단지(가)상가,36.0,209498.0,0.0002
시영B상가(중계 그린아파트 B 상가),63.0,306576.0,0.0002
증산골목시장,18.0,119535.0,0.0002
응암오거리상점가,418.0,2144080.0,0.0002
역촌중앙시장,4.0,20576.0,0.0002
대조시장,298.0,1728512.0,0.0002
제일시장,150.0,765108.0,0.0002
불광먹자골목 골목형상점가,296.0,1747278.0,0.0002
모래내시장(서중시장),128.0,720389.0,0.0002
신촌 상인회(신촌상점가),36.0,147528.0,0.0002
포방터시장,166.0,1087332.0,0.0002
영진시장,12.0,52096.0,0.0002
신수시장,18.0,73601.0,0.0002
용강동 상점가,389.0,1734336.0,0.0002
도화동 상점가,1018.0,4075200.0,0.0002
아현시장,240.0,996156.0,0.0002
서서울 골목형상점가,126.0,661216.0,0.0002
목동깨비시장(목3동시장),298.0,1890288.0,0.0002
공항시장,75.0,409008.0,0.0002
방신전통시장,105.0,474000.0,0.0002
송화벽화시장(송화골목시장),180.0,1095228.0,0.0002
까치산시장,285.0,1581760.0,0.0002
오류시장,81.0,483912.0,0.0002
고척근린시장,117.0,670335.0,0.0002
고척프라자,14.0,72156.0,0.0002
남구로시장,290.0,1273720.0,0.0002
가리봉시장,87.0,463197.0,0.0002
대명여울빛거리시장(대명시장),407.0,2054000.0,0.0002
우리시장,82.0,374555.0,0.0002
신대방1동골목상권,134.0,787248.0,0.0002
상도약수골목형상점가,88.0,496384.0,0.0002
노량진중앙시장,106.0,434560.0,0.0002
남성역골목시장,149.0,929504.0,0.0002
사당시장,28.0,140256.0,0.0002
남성사계시장(남성시장),398.0,1720320.0,0.0002
미성동 도깨비시장 골목형상점가,142.0,895464.0,0.0002
영림시장,518.0,2887880.0,0.0002
봉천현대시장,12.0,48762.0,0.0002
봉천중앙시장,79.0,410424.0,0.0002
관악중부시장,184.0,1116000.0,0.0002
인헌시장(원당종합시장),294.0,1686840.0,0.0002
남부종합시장,15.0,79896.0,0.0002
강남개포시장,229.0,1014560.0,0.0002
새마을시장,642.0,3175000.0,0.0002
석촌시장,349.0,1868440.0,0.0002
마천중앙시장,228.0,1079840.0,0.0002
암사종합시장,192.0,1153231.0,0.0002
고분다리전통시장,126.0,573972.0,0.0002
둔촌역전통시장,235.0,1464520.0,0.0002
이태원 관광특구,2789.0,14902600.0,0.0002
필동 골목형상점가,8.0,35392.0,0.0002
유영시장,16.0,69408.0,0.0002
강북북부시장,12.0,50508.0,0.0002
신신림시장(삼성동시장),4.0,16504.0,0.0002
상계역전종합상가,11.0,59700.0,0.0002
마전교지하쇼핑센터(구 한일상가),4.0,17876.0,0.0002
동대문상가B동,4.0,19364.0,0.0002
독립문역 1번,42.0,756744.0,0.0001
대신고등학교,38.0,525868.0,0.0001
배화여자대학교(박노수미술관),492.0,5373504.0,0.0001
성곡미술관,191.0,3481744.0,0.0001
경복고등학교,55.0,951165.0,0.0001
서울국제고등학교,254.0,4812912.0,0.0001
성균관대학교,308.0,3106200.0,0.0001
경신고등학교,85.0,1444368.0,0.0001
서울대병원,65.0,447132.0,0.0001
혜회동주민센터,117.0,1057000.0,0.0001
충신시장옆,32.0,313472.0,0.0001
종로5가역 4번,14.0,131880.0,0.0001
창신1동주민센터,50.0,444060.0,0.0001
신설동역 12번,136.0,1546496.0,0.0001
경향신문사,85.0,1328148.0,0.0001
관성묘,24.0,354900.0,0.0001
동대문역사문화공원역 5번,223.0,1613520.0,0.0001
장충단 고개,177.0,2544948.0,0.0001
약수역 7번,59.0,691060.0,0.0001
한양공고앞 교차로,72.0,1212111.0,0.0001
장충초등학교,137.0,2480148.0,0.0001
청구역 1번,149.0,2823150.0,0.0001
청구역 3번,149.0,2489580.0,0.0001
황학동벼룩시장,58.0,441200.0,0.0001
신당역 3번,291.0,5184280.0,0.0001
한강로동땡땡거리(은행나무길),591.0,5041992.0,0.0001
효창공원앞역 5번,278.0,4082173.0,0.0001
서울역 15번,287.0,5082006.0,0.0001
남영역 1번,343.0,5231232.0,0.0001
숙대입구,693.0,6941680.0,0.0001
한강미주맨션아파트,93.0,889056.0,0.0001
삼각지역 3번,111.0,1242630.0,0.0001
서울역 12번,421.0,4236880.0,0.0001
삼광초등학교,85.0,1099128.0,0.0001
이촌동점보아파트,41.0,416192.0,0.0001
해방촌 남동측,541.0,4200400.0,0.0001
용산구청,353.0,2703320.0,0.0001
경리단길북측,539.0,9029000.0,0.0001
경리단길남측,508.0,7273200.0,0.0001
이태원엔틱가구거리,84.0,1471176.0,0.0001
리움미술관,113.0,1764512.0,0.0001
한강진역 3번,444.0,5967680.0,0.0001
한남힐사이드아파트,56.0,801088.0,0.0001
서울독일학교,144.0,1325248.0,0.0001
옥정중학교,40.0,571632.0,0.0001
옥수역 6번,194.0,1387280.0,0.0001
옥수터널,25.0,304912.0,0.0001
금북초등학교,48.0,427320.0,0.0001
금호사거리,85.0,754494.0,0.0001
성동구립금호도서관,26.0,259116.0,0.0001
금호삼성래미안아파트,141.0,1072368.0,0.0001
대현산장미원,8.0,155880.0,0.0001
왕십리파출소,38.0,432928.0,0.0001
상왕십리역 3번,189.0,2911608.0,0.0001
성동구보건소,87.0,1392580.0,0.0001
한양대역 4번,85.0,936544.0,0.0001
뚝섬역교차로,165.0,2547072.0,0.0001
성수1가1동주민센터,121.0,1395864.0,0.0001
성원중학교,502.0,9893600.0,0.0001
성원어린이공원,153.0,2474255.0,0.0001
성수2가3동주민센터,142.0,2140600.0,0.0001
경수초등학교,667.0,10425120.0,0.0001
송정체육공원,178.0,3266368.0,0.0001
건대입구역 6번,598.0,7189840.0,0.0001
건대입구역 1번,238.0,2428488.0,0.0001
화양사거리,425.0,4675680.0,0.0001
어린이대공원역 4번,112.0,1584710.0,0.0001
장안초등학교,51.0,358944.0,0.0001
어린이대공원역 3번,216.0,1647252.0,0.0001
중곡1동 마을마당,269.0,5104320.0,0.0001
자양한강도서관,246.0,4302960.0,0.0001
광진정말공원,223.0,3675672.0,0.0001
중곡3동주민센터,310.0,6004764.0,0.0001
군자역 4번,120.0,2270240.0,0.0001
성자초등학교,163.0,2592837.0,0.0001
국립정신건강센터,156.0,2774923.0,0.0001
구의1동주민센터,475.0,5264800.0,0.0001
구남초등학교,64.0,985340.0,0.0001
아차산역 1번,250.0,3207198.0,0.0001
해오름공원,186.0,3518268.0,0.0001
동의초등학교,55.0,436185.0,0.0001
장로회신학대학교,79.0,1469856.0,0.0001
광나루역 1번,127.0,1515060.0,0.0001
광진정보도서관,213.0,2689164.0,0.0001
한국의류시험연구원,131.0,1476994.0,0.0001
용두사거리,36.0,585096.0,0.0001
용두초등학교,43.0,461552.0,0.0001
종암초등학교,35.0,366240.0,0.0001
고려대역 6번,315.0,3166920.0,0.0001
동의보감타워,106.0,930468.0,0.0001
고려대역 4번,95.0,1897840.0,0.0001
동대문구청,222.0,4153788.0,0.0001
세종대왕기념관교차로,33.0,594504.0,0.0001
홍릉시장,160.0,1956556.0,0.0001
전농119안전센터,35.0,386384.0,0.0001
전농1동주민센터(전농시장),30.0,417494.0,0.0001
떡전교사거리,101.0,1154500.0,0.0001
간데메공원,228.0,4411944.0,0.0001
경희대삼거리,456.0,3552640.0,0.0001
시립대앞사거리,128.0,938464.0,0.0001
시조사삼거리,25.0,422230.0,0.0001
답십리초등학교,225.0,3239280.0,0.0001
청량초등학교,61.0,1099105.0,0.0001
경희대후문,175.0,2635446.0,0.0001
전농중학교,170.0,2602760.0,0.0001
답십리사거리,209.0,2629120.0,0.0001
외대앞역 1번,552.0,3945000.0,0.0001
의릉,87.0,942600.0,0.0001
외대앞역 2번,111.0,1739260.0,0.0001
촬영소사거리,120.0,1973016.0,0.0001
장안1동주민센터,707.0,11434440.0,0.0001
장안근린공원,361.0,7117480.0,0.0001
장안현대홈타운1차아파트,144.0,2234288.0,0.0001
장안교,4.0,66048.0,0.0001
세화어린이공원,21.0,391572.0,0.0001
메가박스 상봉,449.0,4478760.0,0.0001
배꽃어린이공원,12.0,233392.0,0.0001
먹골역 5번,323.0,3467660.0,0.0001
중랑노인종합복지관,342.0,4618872.0,0.0001
중화역 4번,220.0,2018112.0,0.0001
월드순복음교회,154.0,2795296.0,0.0001
화랑대역 7번,38.0,629872.0,0.0001
중곡초등학교,199.0,3114108.0,0.0001
상봉역 4번,356.0,6884820.0,0.0001
사가정역 1번,327.0,3451920.0,0.0001
면목역 3번,154.0,2637640.0,0.0001
상봉역 3번,582.0,4879000.0,0.0001
용마문화복지센터,104.0,1552046.0,0.0001
혜원여고,79.0,712880.0,0.0001
신내1동주민센터,520.0,5854080.0,0.0001
장스여성병원,166.0,1730750.0,0.0001
망우본동주민센터,277.0,5500920.0,0.0001
성북초등학교앞,117.0,1182776.0,0.0001
정릉역 2번,48.0,433440.0,0.0001
삼선중학교,169.0,2315070.0,0.0001
성신여대입구역 4번,119.0,2021640.0,0.0001
삼선동주민센터,355.0,6226480.0,0.0001
성신여대입구역 1번,197.0,3934764.0,0.0001
미아초등학교,83.0,1174500.0,0.0001
길음역 7번,110.0,2153307.0,0.0001
길음역 8번,151.0,2719008.0,0.0001
길음역 10번,8.0,87764.0,0.0001
안암역 2번,320.0,3404720.0,0.0001
종암경찰서,239.0,3363760.0,0.0001
KT월곡지사,99.0,1844856.0,0.0001
종암동주민센터,242.0,3639912.0,0.0001
상월곡역 1번,267.0,3345760.0,0.0001
월곡역 4번,16.0,319044.0,0.0001
장곡초등학교,150.0,2931180.0,0.0001
돌곶이역 3번,43.0,826272.0,0.0001
돌곶이역 5번,118.0,2155936.0,0.0001
석계역 7번,480.0,5630440.0,0.0001
솔밭공원역 2번,146.0,2804085.0,0.0001
4.19민주묘지역 2번,174.0,2431760.0,0.0001
화계역 2번,39.0,696982.0,0.0001
가오리역 2번,101.0,1808352.0,0.0001
수유북부시장옆,129.0,2286331.0,0.0001
삼각산119안전센터,37.0,456846.0,0.0001
가오리역 1번,103.0,1580007.0,0.0001
수유초등학교,247.0,3834936.0,0.0001
광산사거리,159.0,2014705.0,0.0001
강북구청,210.0,2046016.0,0.0001
성신여대운정그린캠퍼스,337.0,5357280.0,0.0001
도봉세무서,152.0,2615616.0,0.0001
삼양입구사거리,226.0,2449551.0,0.0001
강북중학교,183.0,2969388.0,0.0001
수유역 2번,173.0,3389280.0,0.0001
미아사거리역 3번,157.0,1140320.0,0.0001
송중동주민센터,100.0,1966698.0,0.0001
KT&G 북부지사,50.0,772416.0,0.0001
번동주공2단지,69.0,1211616.0,0.0001
솔밭공원역 1번,53.0,1044316.0,0.0001
덕성여대시반거리,144.0,1377248.0,0.0001
연산군묘,17.0,245445.0,0.0001
방학초등학교,154.0,2287377.0,0.0001
발바닥공원,16.0,248520.0,0.0001
국민은행방학지점,53.0,768888.0,0.0001
신한은행 방학동지점,154.0,1888992.0,0.0001
쌍문역1번(쌍리단길),189.0,1695072.0,0.0001
쌍문2동우체국,220.0,3785766.0,0.0001
도봉구보건소,286.0,4931960.0,0.0001
방학1동주민센터,380.0,6122160.0,0.0001
방학역 1번,435.0,6682500.0,0.0001
창동역 2번,270.0,3105680.0,0.0001
방학역 2번,314.0,5238040.0,0.0001
도봉역 3번,141.0,2528988.0,0.0001
창동중학교,16.0,169168.0,0.0001
월계역 3번,87.0,1074312.0,0.0001
수락산디자인거리,489.0,5039760.0,0.0001
광운대역 1번,227.0,2017240.0,0.0001
석계역 1번,282.0,2791760.0,0.0001
노원역 9번,61.0,989072.0,0.0001
석계역 2번,190.0,2326600.0,0.0001
상계초등학교,275.0,3036440.0,0.0001
계상초등학교,286.0,4171080.0,0.0001
상계2동주민센터,356.0,5200680.0,0.0001
공릉동 국수거리,403.0,6422160.0,0.0001
중계초등학교,42.0,313180.0,0.0001
대진고등학교,155.0,2763960.0,0.0001
공릉역 2번,296.0,3812360.0,0.0001
태릉입구역 4번,133.0,1523600.0,0.0001
당고개역 2번,160.0,2762133.0,0.0001
경춘선숲길 우측,384.0,4002840.0,0.0001
당고개역 5번,127.0,1980520.0,0.0001
영신여고,143.0,2189480.0,0.0001
수색역 1번,51.0,787840.0,0.0001
구산역 4번,311.0,5367672.0,0.0001
새절역 2번,96.0,1153348.0,0.0001
응암3동주민센터,111.0,1835184.0,0.0001
연신내역 5번,222.0,3967280.0,0.0001
연신내역 7번,329.0,2891800.0,0.0001
은평요양병원,227.0,2017526.0,0.0001
응암정보도서관,405.0,7881040.0,0.0001
신진과학기술고등학교,74.0,1117728.0,0.0001
연신내역 4번,306.0,5366280.0,0.0001
백련산해모로아파트,127.0,2262688.0,0.0001
역촌역 2번,77.0,1138968.0,0.0001
은평세무서,242.0,4069280.0,0.0001
응암1동주민센터,102.0,2019468.0,0.0001
불광역 7번,210.0,3535000.0,0.0001
연신초등학교,84.0,1272528.0,0.0001
은평구청,246.0,2533920.0,0.0001
불광역 8번,60.0,558624.0,0.0001
불광역 3번,90.0,751776.0,0.0001
북가좌초등학교,139.0,1728558.0,0.0001
모래내우체국,198.0,2781760.0,0.0001
남가좌동현대아파트,28.0,312828.0,0.0001
남가좌파출소,302.0,4527252.0,0.0001
명지대학교교회,422.0,6189840.0,0.0001
홍남교남측,6.0,85036.0,0.0001
연희임광아파트,41.0,488908.0,0.0001
명지대학교,648.0,7079960.0,0.0001
연희대우아파트앞,233.0,4476552.0,0.0001
홍연시장,97.0,1360416.0,0.0001
연희파출소,147.0,2918520.0,0.0001
경의중앙 신촌역,125.0,2423400.0,0.0001
홍제역 4번,127.0,1095408.0,0.0001
홍제역 3번,65.0,1197440.0,0.0001
연희세브란스병원,125.0,1100880.0,0.0001
홍은종합사회복지관,108.0,1136608.0,0.0001
서울여자간호대학교,162.0,2373480.0,0.0001
홍제3동주민센터,246.0,4539920.0,0.0001
아현역 1번,73.0,506717.0,0.0001
아현역 2번,139.0,2201472.0,0.0001
영천시장입구,78.0,970788.0,0.0001
충정로현대아파트,175.0,1900296.0,0.0001
동교초등학교,278.0,4041080.0,0.0001
마포구청역 7번,265.0,4946240.0,0.0001
중암중학교,35.0,297024.0,0.0001
망리단길,1621.0,12465920.0,0.0001
마포구청역 1번,188.0,3493840.0,0.0001
KB국민은행 망원동지점,289.0,2906640.0,0.0001
합정역 8번,747.0,6952120.0,0.0001
가좌역 2번,182.0,3358600.0,0.0001
망원역 1번,296.0,5050720.0,0.0001
홍대부속여중고앞,324.0,4502760.0,0.0001
성산중학교,482.0,3628836.0,0.0001
상수역 4번,280.0,2930760.0,0.0001
경의선책거리,856.0,6269720.0,0.0001
광흥창역 6번,51.0,676234.0,0.0001
광흥창역 1번,62.0,706300.0,0.0001
KB국민은행 서강지점,60.0,688100.0,0.0001
신수동주민센터,116.0,2115400.0,0.0001
서강대역 1번,398.0,5929000.0,0.0001
신촌역 6번,31.0,215441.0,0.0001
대흥역 3번,397.0,3041600.0,0.0001
용강동주민센터,68.0,729120.0,0.0001
대흥역 2번,411.0,4478000.0,0.0001
마포역 4번,106.0,1761472.0,0.0001
양원초등학교,47.0,787200.0,0.0001
염리초등학교,22.0,261212.0,0.0001
이대역 5번,117.0,1715168.0,0.0001
마포경찰서,40.0,601128.0,0.0001
서울서부지방법원,463.0,5285560.0,0.0001
만리재,116.0,1910464.0,0.0001
충정로역 6번,74.0,1429064.0,0.0001
서울금융고등학교,49.0,673888.0,0.0001
신월문화체육센터,219.0,4025910.0,0.0001
신월1파출소,178.0,2943248.0,0.0001
목동센트럴아이파크앞,112.0,1525160.0,0.0001
신한은행 신월동지점,312.0,5713524.0,0.0001
금빛새마을금고본점,38.0,515522.0,0.0001
신정네거리역 4번,48.0,477220.0,0.0001
목동로데오거리,124.0,2474624.0,0.0001
신서초등학교,178.0,1242280.0,0.0001
목동역 5번,60.0,827400.0,0.0001
신정2동주민센터,262.0,4034960.0,0.0001
신정롯데캐슬아파트,234.0,3235240.0,0.0001
방화역 3번,128.0,2552580.0,0.0001
방화역 2번,113.0,1523472.0,0.0001
정곡초등학교,16.0,159072.0,0.0001
푸른들청소년도서관,474.0,8141880.0,0.0001
화곡역 5번,430.0,8410080.0,0.0001
까치산역 3번,717.0,8075560.0,0.0001
양천향교역 5번,248.0,3996064.0,0.0001
화곡초등학교,175.0,2369376.0,0.0001
등촌3동주민센터,401.0,6061320.0,0.0001
우장산롯데캐슬아파트앞,89.0,1117950.0,0.0001
가양역 10번,88.0,821576.0,0.0001
화곡보람2차아파트,35.0,303780.0,0.0001
강서구청가양동별관,20.0,166208.0,0.0001
등촌역 1번,54.0,938000.0,0.0001
금강수목원아파트,16.0,132268.0,0.0001
"천왕역 3번(오류2동주민센터, 서울오류남초등학교)",53.0,934208.0,0.0001
오류2동버들시장,386.0,6543840.0,0.0001
개봉1동주민센터,459.0,7664480.0,0.0001
덕의초등학교,143.0,1605556.0,0.0001
고척동성당,155.0,1719783.0,0.0001
개봉역,244.0,4767280.0,0.0001
고척중학교,23.0,228645.0,0.0001
고산초등학교,16.0,251556.0,0.0001
구로119안전센터,113.0,2117208.0,0.0001
남구로역 3번,538.0,7171744.0,0.0001
구로초등학교,315.0,4396168.0,0.0001
남구로역 5번,397.0,3158370.0,0.0001
구로4동주민센터,363.0,5051916.0,0.0001
구로구민회관,59.0,962544.0,0.0001
구로나눔길,262.0,1828368.0,0.0001
남구로역 2번,530.0,8245760.0,0.0001
한국SGI본부,536.0,4092948.0,0.0001
영서중학교,49.0,352524.0,0.0001
대림역 2번,269.0,3116372.0,0.0001
가리봉파출소,126.0,2375241.0,0.0001
가산디지털단지역 1번 출입구,172.0,1199436.0,0.0001
가산동주민센터,217.0,1596120.0,0.0001
금천철쭉어린이공원(금하마을),67.0,1064664.0,0.0001
두산초등학교,67.0,1002040.0,0.0001
가산동우체국,259.0,3408760.0,0.0001
가산초등학교(세일중학교),245.0,4826916.0,0.0001
금천파출소,24.0,267872.0,0.0001
독산119안전센터,249.0,4853706.0,0.0001
문성초등학교,392.0,3650208.0,0.0001
시흥3동 우편취급국,12.0,83548.0,0.0001
독산2동주민센터,177.0,3470652.0,0.0001
KT금천빌딩(금천구시설관리공단),99.0,1438800.0,0.0001
시흥초등학교(시흥1동우체국),230.0,3874496.0,0.0001
독산동정훈단지,116.0,2227344.0,0.0001
금천금빛공원(은행나무사거리서측),178.0,1849184.0,0.0001
문래중학교,104.0,1993120.0,0.0001
양평역 2번,242.0,2649240.0,0.0001
문래예술촌(문래창작촌),1332.0,11988640.0,0.0001
문래동남성맨션,20.0,380172.0,0.0001
문래역 3번,23.0,217824.0,0.0001
대림역 5번,200.0,3037728.0,0.0001
영등포구청역 6번,226.0,1891720.0,0.0001
대림역 11번,48.0,390000.0,0.0001
당산역 13번,16.0,117072.0,0.0001
당산반도유보라팰리스아파트,127.0,1121664.0,0.0001
구로세무서,27.0,362864.0,0.0001
구로디지털단지역 4번,512.0,8199120.0,0.0001
대림갑을명가아파트,32.0,275751.0,0.0001
영등포시장역 4번,67.0,690851.0,0.0001
영등포시장역 1번,141.0,1764432.0,0.0001
영등포시장역 3번,20.0,209280.0,0.0001
대림성모병원,166.0,2767712.0,0.0001
신풍역 3번,62.0,585819.0,0.0001
신풍역 2번,20.0,172544.0,0.0001
영등포본동주민센터,30.0,557061.0,0.0001
영등포동성당,35.0,271696.0,0.0001
신풍역 6번(신길6동공영주차장),11.0,141850.0,0.0001
신길동홍어거리,63.0,1079352.0,0.0001
신길2동우편취급국,123.0,2139456.0,0.0001
신길새마을금고신길4동지점,61.0,893344.0,0.0001
신길역 3번,72.0,1250900.0,0.0001
장훈고등학교,78.0,763776.0,0.0001
영신초등학교,285.0,4705280.0,0.0001
신길6동주민센터,122.0,1183700.0,0.0001
보라매역 6번,189.0,3208448.0,0.0001
대방역 3번,80.0,1499584.0,0.0001
장승배기역 4번,271.0,4164336.0,0.0001
NH농협은행 상도동지점,149.0,2206592.0,0.0001
상도역 2번,147.0,2181760.0,0.0001
상도역 1번,73.0,1276992.0,0.0001
상도1동주민센터앞,32.0,367752.0,0.0001
숭실대입구역 4번,321.0,2751440.0,0.0001
중앙대학교,375.0,4298880.0,0.0001
사당5동주민센터,39.0,508944.0,0.0001
사당역 10번,614.0,8118320.0,0.0001
이수역 9번,183.0,1590588.0,0.0001
조원동주민센터,48.0,847962.0,0.0001
신대방역 2번,378.0,6206200.0,0.0001
신대방역 1번,92.0,782397.0,0.0001
관악구신사동주민센터,457.0,8032880.0,0.0001
남부초등학교,187.0,3156444.0,0.0001
"신림역 5번(신림동주민센터, 신림동별빛거리)",460.0,7788040.0,0.0001
신원동주민센터,189.0,1998000.0,0.0001
당곡중학교,347.0,5307320.0,0.0001
보라매동주민센터(당곡고등학교),102.0,1804554.0,0.0001
신림역 8번,209.0,4159120.0,0.0001
구립대학경로당(관악산샘말공원),805.0,9368960.0,0.0001
청룡동주민센터,89.0,1470144.0,0.0001
봉천역 6번,58.0,1027128.0,0.0001
봉천역 1번(관악초등학교),139.0,2148600.0,0.0001
구암초등학교,94.0,972216.0,0.0001
관악구 중앙길,578.0,10396640.0,0.0001
샤로수길,1289.0,12616680.0,0.0001
관악우성아파트,102.0,759392.0,0.0001
이수역 5번,129.0,1508064.0,0.0001
구반포역,112.0,919168.0,0.0001
방배동사이길,84.0,847296.0,0.0001
서울프랑스학교,72.0,1140000.0,0.0001
서초우방유쉘아파트,42.0,512509.0,0.0001
서울시인재개발원,27.0,320304.0,0.0001
한국상담대학원대학교,14.0,199328.0,0.0001
우면주공아파트,152.0,2902212.0,0.0001
더케이호텔(양재리본타워2단지아파트),75.0,1383456.0,0.0001
바우뫼공원,102.0,1526240.0,0.0001
양재역 8번(양재동우체국),606.0,8724560.0,0.0001
언남고등학교,46.0,556008.0,0.0001
한남IC,119.0,2236536.0,0.0001
신사은행나무공원,110.0,812000.0,0.0001
논현목련공원,63.0,475838.0,0.0001
신구중학교,50.0,575360.0,0.0001
은광여고,28.0,510860.0,0.0001
언주역 3번,206.0,2332147.0,0.0001
언주역 6번,135.0,2083456.0,0.0001
논현2동주민센터,325.0,3741800.0,0.0001
강남구청역 2번,47.0,700000.0,0.0001
논현로18길,28.0,276608.0,0.0001
청담근린공원,37.0,562445.0,0.0001
삼성중앙역 7번,38.0,382656.0,0.0001
영동대교남단,35.0,627860.0,0.0001
대치동아우편취급국,161.0,1461132.0,0.0001
청담역 12번,24.0,202140.0,0.0001
삼성중앙역 5번,74.0,638928.0,0.0001
개포고등학교,129.0,2463560.0,0.0001
대청초등학교,531.0,9478560.0,0.0001
대왕초등학교(세곡동사거리서남측),100.0,1904112.0,0.0001
석촌역 7번,545.0,8007120.0,0.0001
잠실나루역,69.0,930204.0,0.0001
석촌역 6번,267.0,4830160.0,0.0001
송파나루역 1번(송리단길),1147.0,7660920.0,0.0001
송파나루역 2번,275.0,2908560.0,0.0001
풍납초등학교(풍납백제문화공원),28.0,460717.0,0.0001
방이동고분군(방산고등학교),138.0,1043892.0,0.0001
방이역 4번,729.0,12971120.0,0.0001
문정역 1번,186.0,2226168.0,0.0001
경찰병원역 4번(건너말공원),81.0,768020.0,0.0001
문현중학교(장지역 1번),175.0,2147520.0,0.0001
방이역 2번,138.0,1629152.0,0.0001
장지동주민센터(한림연예예술고교),166.0,3000420.0,0.0001
방이역 1번,169.0,2804868.0,0.0001
문정동성당,55.0,561000.0,0.0001
투구봉어린이공원,29.0,542946.0,0.0001
Sh수협은행 오금동금융센터(아랫말어린이공원),30.0,331404.0,0.0001
벌말어린이공원,120.0,1771616.0,0.0001
마천역(마천초등학교),495.0,8394000.0,0.0001
강동구청(강동구청역 2번),81.0,684775.0,0.0001
천호역 6번,294.0,5108704.0,0.0001
암사역 3번(천호동자전거거리),289.0,4654620.0,0.0001
암사역 4번(삼성광나루아파트),21.0,170918.0,0.0001
천호공원(해공체육문화센터),282.0,4065635.0,0.0001
강동역 4번(강풀만화거리),608.0,11292000.0,0.0001
암사역 2번(서울강동초등학교),514.0,8768840.0,0.0001
암사역 1번,405.0,7013240.0,0.0001
둔촌동역 3번(성내3동주민센터),261.0,4272440.0,0.0001
둔촌동역 4번,139.0,1840608.0,0.0001
암사동성당(효정하나플러스아파트),211.0,3090298.0,0.0001
천동초등학교,52.0,710000.0,0.0001
명일역 1번,70.0,1235900.0,0.0001
둔촌2동주민센터,181.0,2402720.0,0.0001
굽은다리역 4번,482.0,8293120.0,0.0001
굽은다리역 3번,244.0,3341960.0,0.0001
GS강동자이아파트,156.0,2608768.0,0.0001
길동신동아아파트,16.0,251544.0,0.0001
한영중고,188.0,2716668.0,0.0001
고덕동성당,198.0,2866760.0,0.0001
상일여고(상일초등학교),668.0,5077720.0,0.0001
강일동주민센터,97.0,1179440.0,0.0001
서대문역,719.0,5931680.0,0.0001
광화문역,2244.0,15780880.0,0.0001
종로구청,473.0,4962680.0,0.0001
삼청동,667.0,9310791.0,0.0001
북촌(안국역),1043.0,7709325.0,0.0001
원남동사거리,228.0,3568320.0,0.0001
종로5가역,722.0,5441040.0,0.0001
종로6가,202.0,1941840.0,0.0001
동대문역,301.0,2351520.0,0.0001
동묘앞역(동묘),204.0,2563128.0,0.0001
중림동,474.0,5787320.0,0.0001
시청역_1번,269.0,2103336.0,0.0001
시청역_8번,417.0,5307560.0,0.0001
서울시청,472.0,3197376.0,0.0001
회현역,355.0,4274680.0,0.0001
롯데백화점(시청광장 지하쇼핑센터),439.0,3010440.0,0.0001
을지로입구역,956.0,8012240.0,0.0001
명동역(명동재미로),549.0,6286240.0,0.0001
을지로2가,215.0,2104412.0,0.0001
중부경찰서(영화인의거리),667.0,4966344.0,0.0001
을지로4가역,221.0,3079008.0,0.0001
중구청(퇴계로4가),174.0,3046816.0,0.0001
퇴계로5가,75.0,783216.0,0.0001
장충동족발거리(남소영길),229.0,3528080.0,0.0001
동대문역사문화공원역,1050.0,14825520.0,0.0001
약수역,591.0,5473480.0,0.0001
신당역,950.0,7959040.0,0.0001
신용산역(용산역),2086.0,41256920.0,0.0001
"숙대입구역(남영역, 남영동)",305.0,3486160.0,0.0001
서울역,946.0,17418200.0,0.0001
한남오거리,789.0,6248400.0,0.0001
금호역,360.0,2441240.0,0.0001
왕십리역(왕십리),699.0,7749000.0,0.0001
서울숲역,249.0,1767390.0,0.0001
뚝섬역,1234.0,8726520.0,0.0001
성수역,1193.0,11957560.0,0.0001
어린이대공원역,864.0,5808080.0,0.0001
군자역,1153.0,11547720.0,0.0001
구의역,896.0,6349360.0,0.0001
아차산역,539.0,8050280.0,0.0001
구의사거리,204.0,3242995.0,0.0001
구삼강변맛길,368.0,4358440.0,0.0001
강변역(테크노마트),319.0,5084320.0,0.0001
신설동역,960.0,10876000.0,0.0001
청량리역(청량리),794.0,12677320.0,0.0001
회기역,400.0,5088120.0,0.0001
장한평역(장한평),1010.0,18002960.0,0.0001
장안동사거리,813.0,8783520.0,0.0001
상봉역,637.0,8233120.0,0.0001
한성대입구역,335.0,3202600.0,0.0001
미아사거리,305.0,3620120.0,0.0001
월곡역,395.0,3780640.0,0.0001
미아역,556.0,3733920.0,0.0001
창동역,399.0,3843880.0,0.0001
마들역,174.0,1559040.0,0.0001
상계백병원,115.0,1399752.0,0.0001
공릉역,400.0,3241600.0,0.0001
은행사거리,369.0,2463480.0,0.0001
태릉입구역,266.0,2899200.0,0.0001
응암역,130.0,2338800.0,0.0001
구산역,174.0,1899904.0,0.0001
구파발역,362.0,5217360.0,0.0001
연신내역,439.0,5376600.0,0.0001
본서부병원,413.0,4527000.0,0.0001
불광역,264.0,2459680.0,0.0001
홍제역,383.0,4024560.0,0.0001
"이화여대(이대역, 이대)",622.0,6056680.0,0.0001
충정로역,220.0,2381960.0,0.0001
DMC(디지털미디어시티),1191.0,13910320.0,0.0001
망원역,345.0,2715040.0,0.0001
합정역,1170.0,10060440.0,0.0001
서교동(홍대),922.0,9857160.0,0.0001
마포역,613.0,5468960.0,0.0001
공덕역(공덕오거리),648.0,7688720.0,0.0001
신정네거리역,668.0,7368040.0,0.0001
서울남부지방법원,453.0,4513400.0,0.0001
목동역 8번출구,642.0,5066680.0,0.0001
목동사거리,521.0,5044360.0,0.0001
등촌역,668.0,7350920.0,0.0001
오목교역,799.0,5630120.0,0.0001
목동신시가지,1211.0,16857160.0,0.0001
송정역,299.0,2261514.0,0.0001
마곡역(마곡),1126.0,9286640.0,0.0001
화곡역,488.0,5442280.0,0.0001
까치산역,517.0,4183840.0,0.0001
강서구청,1250.0,8980640.0,0.0001
개봉동 현대아파트,525.0,6034800.0,0.0001
구로구청,276.0,3397080.0,0.0001
신도림역,956.0,10055560.0,0.0001
구로디지털단지,1464.0,18411560.0,0.0001
구로디지털단지역,981.0,6747520.0,0.0001
서울시흥동우체국(홈플러스시흥점),265.0,2255040.0,0.0001
구로전화국,593.0,6786480.0,0.0001
양평역,113.0,1317024.0,0.0001
영등포구청역,1239.0,8345240.0,0.0001
문래역(문래로데오거리),164.0,1746320.0,0.0001
당산2동(영등포우체국),298.0,3779080.0,0.0001
대림3동사거리,416.0,7657080.0,0.0001
문래동주민센터,299.0,4041840.0,0.0001
영등포청과시장교차로,274.0,2881980.0,0.0001
당산역,769.0,6221640.0,0.0001
영중로,205.0,3708520.0,0.0001
영등포역(영등포),1975.0,16191200.0,0.0001
보라매역,179.0,3348972.0,0.0001
국회의사당역(국회의사당),1878.0,14156600.0,0.0001
63빌딩,179.0,1384106.0,0.0001
신대방삼거리역,463.0,4487920.0,0.0001
노량진역(노량진),1111.0,17753040.0,0.0001
장승배기역,223.0,3223464.0,0.0001
"총신대입구역(이수, 총신대)",1415.0,9878600.0,0.0001
신림역(신림),1151.0,9516600.0,0.0001
녹두거리(대학동),633.0,4694880.0,0.0001
서울대입구역,1187.0,9416720.0,0.0001
방배동가구거리(사당동가구거리),84.0,1433460.0,0.0001
방배동카페골목,460.0,3821040.0,0.0001
사당역 11번(사당역먹자골목),123.0,2443112.0,0.0001
내방역,646.0,8501720.0,0.0001
서래마을카페거리(서래마을),520.0,4344560.0,0.0001
방배역,706.0,7744680.0,0.0001
고속터미널(고속터미널역),983.0,12832600.0,0.0001
서울고교교차로,99.0,1788804.0,0.0001
서초역,937.0,9712800.0,0.0001
서초3동사거리,517.0,8462988.0,0.0001
교대입구교차로,642.0,8909360.0,0.0001
교대역(법원.검찰청),2134.0,15861240.0,0.0001
남부터미널역,776.0,10398040.0,0.0001
신논현역 1번,301.0,5340330.0,0.0001
신사역,1685.0,14122640.0,0.0001
양재역,1257.0,13936200.0,0.0001
교육개발원입구사거리,284.0,4807320.0,0.0001
양재천카페거리,277.0,4313124.0,0.0001
포이사거리(삼호물산),1158.0,14077960.0,0.0001
논현역,1303.0,12847280.0,0.0001
신논현역,2204.0,15295680.0,0.0001
압구정역,1124.0,10069840.0,0.0001
강남을지병원,1087.0,11807800.0,0.0001
학동역,785.0,14651480.0,0.0001
뱅뱅사거리,1366.0,12704000.0,0.0001
도산공원교차로,605.0,7400920.0,0.0001
언주역(차병원),979.0,9697840.0,0.0001
성수대교남단,677.0,5073200.0,0.0001
서울세관,375.0,7419200.0,0.0001
구역삼세무서,1044.0,11658800.0,0.0001
경복아파트교차로,320.0,4509680.0,0.0001
도곡1동,372.0,6771720.0,0.0001
강남구청역,924.0,6930080.0,0.0001
르네상스호텔사거리,466.0,6438400.0,0.0001
매봉역,620.0,4897720.0,0.0001
개나리아파트,371.0,5936480.0,0.0001
선정릉역,721.0,12939000.0,0.0001
청담사거리(청담동명품거리),1183.0,13253480.0,0.0001
"강남구청(청담역_8번, 강남세무서)",326.0,5365920.0,0.0001
도성초등학교,223.0,2897480.0,0.0001
한티역,541.0,4509360.0,0.0001
삼성중앙역,979.0,9157000.0,0.0001
포스코사거리,1672.0,12745040.0,0.0001
경기고교사거리(경기고교앞사거리),148.0,2867800.0,0.0001
대치사거리,334.0,6376440.0,0.0001
코엑스,343.0,4652672.0,0.0001
은마아파트,399.0,5986400.0,0.0001
봉은사역,397.0,4997040.0,0.0001
삼성역,1015.0,14253480.0,0.0001
수서역,335.0,2407320.0,0.0001
석촌고분역,410.0,5164840.0,0.0001
잠실역,1914.0,21074680.0,0.0001
석촌역(석촌호수),861.0,9126000.0,0.0001
송파사거리(송파역),380.0,4093640.0,0.0001
송파나루역,195.0,2436480.0,0.0001
몽촌토성역,330.0,4600120.0,0.0001
가락시장역,887.0,6607840.0,0.0001
장지역(가든파이브),517.0,8453520.0,0.0001
경찰병원역,709.0,7934040.0,0.0001
방이역,188.0,1641960.0,0.0001
오금역,542.0,6066000.0,0.0001
개롱역,375.0,4296640.0,0.0001
거여역,344.0,3798160.0,0.0001
강동구청역,727.0,8228400.0,0.0001
천호역,1007.0,8610800.0,0.0001
암사역,399.0,3224200.0,0.0001
둔촌역,832.0,6616800.0,0.0001
길동역,1074.0,9706960.0,0.0001
굽은다리역,276.0,3403872.0,0.0001
명일역,636.0,5723960.0,0.0001
고덕역,330.0,3696280.0,0.0001
충신시장,9.0,143472.0,0.0001
"동대문종합시장(동대문종합시장 신관, 동대문종합시장D동상가)",103.0,1259360.0,0.0001
동대문문구완구거리(동대문문구완구시장),138.0,1389096.0,0.0001
동묘시장(동묘벼룩시장),90.0,998816.0,0.0001
삼익패션타운(남대문시장),17.0,213948.0,0.0001
청계천공구상가,133.0,1056276.0,0.0001
방산종합시장(방산시장),347.0,2792356.0,0.0001
중부시장(신중부시장),223.0,2767290.0,0.0001
"평화시장(통일상가, 동화상가)",384.0,4809960.0,0.0001
테크노상가(엘리시움),24.0,244200.0,0.0001
동화동 골목형상점가,204.0,2408240.0,0.0001
후암시장,121.0,932120.0,0.0001
보광시장,15.0,189108.0,0.0001
무학봉상점가,224.0,2773520.0,0.0001
뚝섬역상점가,321.0,2246640.0,0.0001
성동용답상가시장,476.0,4722600.0,0.0001
자양골목전통시장(자양골목시장),179.0,1398016.0,0.0001
청량리수산시장,21.0,242624.0,0.0001
청량종합도매시장,108.0,1096272.0,0.0001
전농로터리시장,114.0,763315.0,0.0001
전곡시장,63.0,634752.0,0.0001
장미제일시장(중화동제일시장),105.0,967212.0,0.0001
중랑동부시장(중랑교종합상가),30.0,205062.0,0.0001
묵1동도깨비시장,136.0,1044000.0,0.0001
면목골목시장(면목시장),330.0,2402120.0,0.0001
"동원전통종합시장(동원시장, 동원전통시장 상점가)",499.0,3634000.0,0.0001
우림골목시장,387.0,3132400.0,0.0001
동성타워프라자,8.0,65728.0,0.0001
정릉골 골목형상점가,114.0,960588.0,0.0001
정릉아리랑시장,93.0,744512.0,0.0001
번동시장,4.0,29704.0,0.0001
장위전통시장,81.0,1531114.0,0.0001
새석관시장,4.0,43962.0,0.0001
석관시장,13.0,133943.0,0.0001
돌곶이시장(석관황금시장),105.0,1541600.0,0.0001
장미원골목시장,68.0,1175175.0,0.0001
삼양골목시장(삼양시장),151.0,1902560.0,0.0001
우이골목시장(우이시장),95.0,868448.0,0.0001
수유재래시장,24.0,175360.0,0.0001
숭인시장,162.0,1168200.0,0.0001
강북북부골목시장,58.0,969408.0,0.0001
백운시장,27.0,257904.0,0.0001
쌍문역둘리상점가,130.0,1296800.0,0.0001
쌍문시장(쌍문역골목시장),343.0,4359760.0,0.0001
방학동도깨비시장,188.0,1361472.0,0.0001
창동신창시장,174.0,1869280.0,0.0001
창동골목시장,179.0,1279424.0,0.0001
오!도봉거리 상점가,82.0,586416.0,0.0001
시영2단지 무지개종합상가(중계 무지개2단지아파트상가),36.0,315280.0,0.0001
상계중앙시장,291.0,2098520.0,0.0001
공릉동 도깨비시장,283.0,1904760.0,0.0001
유진상가,28.0,222372.0,0.0001
아현가구거리상점가,54.0,916320.0,0.0001
영천시장,157.0,1504908.0,0.0001
망원월드컵시장,131.0,960800.0,0.0001
망원시장,233.0,1716640.0,0.0001
신월3동 골목시장,20.0,338352.0,0.0001
"신월7동 골목시장(약수시장, 우성상가)",24.0,164220.0,0.0001
월정로시장,49.0,558800.0,0.0001
신영시장,211.0,1634616.0,0.0001
경창시장,132.0,1119132.0,0.0001
신곡종합시장(신월6동 골목시장),78.0,623040.0,0.0001
목사랑시장(목4동시장),141.0,980084.0,0.0001
목2동시장,243.0,1711280.0,0.0001
신정2동 골목시장(오목교중앙시장),50.0,637884.0,0.0001
화곡중앙시장,131.0,1066679.0,0.0001
"남부골목시장(남부화곡시장, 남부시장)",410.0,3241080.0,0.0001
개봉중앙시장,156.0,2550816.0,0.0001
고척골목시장상점가(그라운드 고척),70.0,495404.0,0.0001
독산동 우시장,129.0,2218720.0,0.0001
남문시장,148.0,1160520.0,0.0001
비단길현대시장(현대시장),276.0,2283168.0,0.0001
은행나무시장,98.0,1168544.0,0.0001
선유도역 골목형상점가,378.0,2958000.0,0.0001
대림중앙시장,211.0,1514432.0,0.0001
영등포전통시장,150.0,1103480.0,0.0001
영등포시장기계공구상가,37.0,628624.0,0.0001
성대전통시장(성대시장),224.0,2123680.0,0.0001
상도도깨비 골목형상점가,62.0,648648.0,0.0001
본동인정시장(기능상실),24.0,291852.0,0.0001
상도전통시장,194.0,1924000.0,0.0001
강남골목시장,70.0,474336.0,0.0001
신림중앙시장(조원동 펭귄시장),6.0,57200.0,0.0001
조원동 펭귄시장(신림중앙시장),112.0,914816.0,0.0001
관악신사시장,172.0,1599552.0,0.0001
난곡 골목형상점가,20.0,219735.0,0.0001
도곡시장,18.0,149240.0,0.0001
방이시장,384.0,5745800.0,0.0001
문정동 로데오거리 상점가(문정동 로데오거리),237.0,3033160.0,0.0001
성내전통시장,114.0,1012832.0,0.0001
장신구 특화거리 상점가,66.0,885201.0,0.0001
길동복조리시장,119.0,942848.0,0.0001
명일전통시장,55.0,826410.0,0.0001
고덕 골목형상점가,109.0,1163280.0,0.0001
"평화시장(남평화시장, 제일평화시장, 신평화패션타운)",40.0,651834.0,0.0001
명동 남대문 북창동 다동 무교동 관광특구,5458.0,39344720.0,0.0001
동대문패션타운 관광특구,1487.0,24242320.0,0.0001
종로·청계 관광특구,3624.0,26125080.0,0.0001
강남 마이스 관광특구,736.0,8564112.0,0.0001
절두산순교성지,48.0,783085.0,0.0001
대신시장,11.0,89276.0,0.0001
체부동홍종문가옥,36.0,375408.0,0.0001
삼성전자서울R&D(서울우면초등학교),55.0,574665.0,0.0001
청평화시장,12.0,173280.0,0.0001
자양종합시장(기능상실),4.0,36960.0,0.0001
국기원,50.0,477588.0,0.0001
언주중학교,16.0,281208.0,0.0001
도곡2동주민센터(대치중학교),25.0,170808.0,0.0001
중앙보훈병원,13.0,174672.0,0.0001
동덕여대,8.0,70000.0,0.0001
홍제성원아파트,8.0,57132.0,0.0001
숭례문수입상가(남대문시장),7.0,53795.0,0.0001
내방역 6번,8.0,130288.0,0.0001
세운상가가동,4.0,68440.0,0.0001
이북5도청사,78.0,2170580.0,0.0
세검정초등학교,99.0,5363960.0,0.0
세검정,62.0,7837536.0,0.0
사직공원(한국사회과학도서관),83.0,2086552.0,0.0
자하문터널,176.0,6953934.0,0.0
평창동서측,122.0,13298940.0,0.0
청운초등학교,16.0,322956.0,0.0
청와대사랑채,38.0,1040985.0,0.0
평창동동측,58.0,10456360.0,0.0
정독도서관,33.0,922405.0,0.0
중앙고등학교,134.0,5339904.0,0.0
혜화역 1번,113.0,3765536.0,0.0
이화달팽이길,211.0,6205836.0,0.0
동대문역 1번,156.0,4290440.0,0.0
창신역 1번,33.0,920584.0,0.0
창신역 4번,59.0,2180332.0,0.0
동묘앞역 2번,127.0,3448044.0,0.0
중구회현체육센터(정화예술대남산캠퍼스),65.0,2134776.0,0.0
남산케이블카,159.0,3655680.0,0.0
남산골공원옆,55.0,1161712.0,0.0
충무초등학교,135.0,3962088.0,0.0
장충동주민센터,52.0,2712120.0,0.0
황학코아루아파트,42.0,846440.0,0.0
성심여자고등학교,162.0,4882320.0,0.0
새남터성지,94.0,2050920.0,0.0
효창공원앞역 6번,110.0,3031008.0,0.0
효창동주민센터,60.0,2405976.0,0.0
효창공원앞역 2번,103.0,3946500.0,0.0
배문고등학교,142.0,6148080.0,0.0
숙대입구역 1번,145.0,4640580.0,0.0
후암동주민센터,446.0,11721640.0,0.0
해방촌예술마을,225.0,5382480.0,0.0
서빙고역 1번,32.0,703824.0,0.0
오산고등학교,137.0,3379600.0,0.0
서빙고동주민센터,33.0,2119580.0,0.0
한국폴리텍대학서울정수캠퍼스,101.0,2717652.0,0.0
NH농협은행 보광동지점,95.0,3785508.0,0.0
우사단길,368.0,8451648.0,0.0
옥수동우편취급국,12.0,443020.0,0.0
신금호역 4번,84.0,1871464.0,0.0
금동어린이공원,134.0,2760360.0,0.0
상왕십리역 6번,63.0,1662144.0,0.0
행당역 2번,131.0,2743640.0,0.0
응봉산,46.0,2138760.0,0.0
청계천박물관,20.0,1176996.0,0.0
왕십리역 9번,107.0,2288700.0,0.0
마장지하차도,22.0,450480.0,0.0
마장역 2번,107.0,2249380.0,0.0
마장역 3번,85.0,6103908.0,0.0
사근동살곶이상점가,182.0,5156920.0,0.0
답십리역 6번,39.0,1033560.0,0.0
서울교통공사,52.0,1844301.0,0.0
성수119안전센터,343.0,8913040.0,0.0
성동세무서,125.0,3829336.0,0.0
성수초등학교,508.0,13239320.0,0.0
자양4동주민센터,310.0,6234440.0,0.0
신자초등학교,181.0,3740975.0,0.0
능동우편취급국,233.0,6281160.0,0.0
세종대학교,42.0,1102968.0,0.0
중곡어린이공원,66.0,1371762.0,0.0
중곡1동주민센터,56.0,1301768.0,0.0
광진구청,160.0,3503304.0,0.0
군자역 5번,125.0,4918272.0,0.0
자양동우체국,172.0,4145688.0,0.0
구의역 4번,351.0,8435800.0,0.0
광진경찰서,38.0,1578984.0,0.0
중곡역 3번,250.0,5676040.0,0.0
용마초등학교,226.0,6174160.0,0.0
대원고등학교,73.0,2106504.0,0.0
성동초등학교,86.0,1812000.0,0.0
동대부여고,202.0,4346172.0,0.0
중곡4동주민센터,14.0,574548.0,0.0
광진초등학교,141.0,3342465.0,0.0
푸른동산공원,130.0,3075680.0,0.0
신설동역 9번,74.0,2409699.0,0.0
용두희망어린이공원,38.0,1655304.0,0.0
제기동역 6번,292.0,6399240.0,0.0
용두동신동아아파트,153.0,5795646.0,0.0
제기동역 1번,13.0,1504483.0,0.0
고대앞사거리,156.0,3346728.0,0.0
홍파초등학교,54.0,2110704.0,0.0
홍릉근린공원,20.0,597024.0,0.0
동대문경찰서,40.0,848568.0,0.0
텃골근린공원,98.0,3219936.0,0.0
서울시립대,177.0,3994920.0,0.0
전곡마을마당공원,210.0,4550508.0,0.0
회기역 1번,51.0,1441384.0,0.0
자동차부품상가,40.0,906384.0,0.0
삼육보건대학교,351.0,7177800.0,0.0
군자초등학교,21.0,522972.0,0.0
답십리공원,68.0,1552824.0,0.0
장평중학교,285.0,7403328.0,0.0
동대부고,198.0,4181400.0,0.0
중랑역 1번,108.0,3729900.0,0.0
중랑역 4번,81.0,2103156.0,0.0
신묵초등학교,296.0,6864700.0,0.0
면목5동주민센터,106.0,3360320.0,0.0
KB국민은행 중화동지점,36.0,997984.0,0.0
먹골역 1번,133.0,5937560.0,0.0
먹골파출소,36.0,1054004.0,0.0
중화역 1번,150.0,5450144.0,0.0
장안중학교,116.0,2354456.0,0.0
장안제일시장,226.0,4861760.0,0.0
오거리공원,269.0,5962140.0,0.0
면목2동체육관,220.0,8874440.0,0.0
상봉역 7번,110.0,4001480.0,0.0
면동초등학교,147.0,3565824.0,0.0
사가정역 4번,145.0,3942108.0,0.0
면목역 1번,98.0,4106808.0,0.0
면목역 2번,339.0,8677920.0,0.0
망우역 1번,163.0,6593840.0,0.0
면목동우체국,184.0,4561880.0,0.0
망우역 2번,172.0,5027280.0,0.0
망우3동주민센터,44.0,1424740.0,0.0
신내역 1번,47.0,1801536.0,0.0
서일대학교,257.0,5907528.0,0.0
러스크서울병원,164.0,3781536.0,0.0
신내역 2번,32.0,5774604.0,0.0
북정마을,24.0,1812936.0,0.0
길상사,28.0,3424162.0,0.0
국민대학교앞,89.0,2222016.0,0.0
정릉북한산국립공원입구,36.0,1148040.0,0.0
홍대부중,113.0,3242556.0,0.0
한성대입구역 5번,192.0,4038372.0,0.0
정릉3동주민센터,49.0,1444032.0,0.0
동구여중,119.0,2648320.0,0.0
북한산보국문역 2번,91.0,5517180.0,0.0
북한산보국문역 1번,49.0,1371180.0,0.0
한성대입구역 3번,265.0,7027280.0,0.0
서경대학교,153.0,6183904.0,0.0
정릉우체국,109.0,6124040.0,0.0
경동고등학교,218.0,5854205.0,0.0
솔숲어린이공원,12.0,341118.0,0.0
정릉역 1번,261.0,5636400.0,0.0
성신여대입구역 7번,136.0,3865464.0,0.0
보문역 8번,111.0,2431152.0,0.0
보문역 4번,130.0,3544944.0,0.0
보문역 5번,178.0,5307264.0,0.0
종암아이파크2차,163.0,3712040.0,0.0
숭곡초등학교,329.0,7224760.0,0.0
종암중학교,136.0,2833679.0,0.0
KB국민은행 종암동지점,55.0,1111047.0,0.0
장위1동주민센터,62.0,2527860.0,0.0
장위동성당,18.0,546108.0,0.0
상월곡역 2번,125.0,2816400.0,0.0
상월곡역 3번,44.0,2207425.0,0.0
우리은행체육관,103.0,2126640.0,0.0
돌곶이역 1번,99.0,2029328.0,0.0
돌곶이역 8번,203.0,4237240.0,0.0
석관중앙교회,112.0,2781108.0,0.0
석관고등학교,94.0,1939174.0,0.0
아카데미하우스,141.0,4584244.0,0.0
인수중학교,32.0,1002980.0,0.0
북한산우이역 2번,153.0,4485856.0,0.0
국립재활원,39.0,1249980.0,0.0
무너미어린이공원,74.0,3368224.0,0.0
화계중학교,28.0,776600.0,0.0
구세군강북종합사회복지관,3.0,296820.0,0.0
강북문화예술회관,82.0,3428124.0,0.0
수유1동주민센터,152.0,4961996.0,0.0
수유동우체국,92.0,2105236.0,0.0
삼양사거리역 2번,87.0,3247744.0,0.0
덕수교,68.0,2143302.0,0.0
인수동 우편취급국,142.0,3120740.0,0.0
수유시장옆,126.0,4333216.0,0.0
삼양사거리역 1번,42.0,1347336.0,0.0
우이천 계성교,171.0,5144472.0,0.0
송천동주민센터,26.0,521960.0,0.0
미아역 8번,140.0,3814500.0,0.0
미아역 5번,105.0,2650244.0,0.0
송천초등학교,147.0,3152250.0,0.0
송중초등학교,169.0,6539968.0,0.0
서울북부고용노동지청,68.0,1631336.0,0.0
수송초등학교,394.0,8357120.0,0.0
문이교,12.0,1082090.0,0.0
쌍문초등학교,113.0,4315350.0,0.0
도봉우체국,52.0,1550388.0,0.0
한일병원,73.0,1956930.0,0.0
샘말어린이공원,80.0,7116629.0,0.0
방학중학교,210.0,6312680.0,0.0
도봉산입구,423.0,21680960.0,0.0
창2동주민센터,179.0,5480970.0,0.0
도봉구민회관,28.0,761039.0,0.0
도봉구 정병원,234.0,4735440.0,0.0
신창초등학교,452.0,10102828.0,0.0
도봉산역 1번,314.0,7921024.0,0.0
도봉역 2번,393.0,18173600.0,0.0
가인초등학교,65.0,2127880.0,0.0
누원고등학교,64.0,2528002.0,0.0
장석교회,4.0,273932.0,0.0
수락산역 4번,322.0,7900320.0,0.0
노원초등학교,146.0,3058671.0,0.0
광운대학교 남단,102.0,2824512.0,0.0
노원 을지대학교병원,20.0,735360.0,0.0
상계5동주민센터,423.0,8491275.0,0.0
상계제일중학교,36.0,830900.0,0.0
수색성당,18.0,442230.0,0.0
내를건너서숲으로도서관,56.0,1434336.0,0.0
구산초등학교,16.0,582640.0,0.0
상신초등학교입구,29.0,988240.0,0.0
증산역 3번,187.0,6165080.0,0.0
시립서북병원,334.0,7839320.0,0.0
증산역 4번,174.0,6770346.0,0.0
새절역 3번,142.0,4056840.0,0.0
신사1동주민센터,219.0,7540740.0,0.0
선정중학교,92.0,4220100.0,0.0
역촌노인복지관,217.0,6216200.0,0.0
구산보건지소,282.0,6151500.0,0.0
예일여고,88.0,3362832.0,0.0
선일여고,119.0,4034066.0,0.0
응암역 2번,158.0,3767760.0,0.0
갈현건영아파트,67.0,4515706.0,0.0
구산역 2번,148.0,3378441.0,0.0
응암역 3번,406.0,9721320.0,0.0
응암동우체국,209.0,4454784.0,0.0
구산역 1번,250.0,7423200.0,0.0
세명컴퓨터고등학교,42.0,2515300.0,0.0
연신내역 2번,158.0,4091800.0,0.0
연신내역 3번,64.0,1556160.0,0.0
연천초등학교,51.0,1896944.0,0.0
역촌역 3번,90.0,5939321.0,0.0
연신내우체국,142.0,3719844.0,0.0
우리은행응암동지점,86.0,2991680.0,0.0
녹번동근린공원,84.0,3077640.0,0.0
불광중학교,92.0,5712407.0,0.0
하나고등학교,61.0,2533137.0,0.0
증산3교남측,12.0,257952.0,0.0
북가좌2동주민센터,248.0,7352480.0,0.0
증산역 1번,160.0,3224620.0,0.0
연가초등학교,82.0,4396896.0,0.0
서연중학교,183.0,4806172.0,0.0
연희초등학교,110.0,8038480.0,0.0
연희지하차도,43.0,2700576.0,0.0
서대문우체국,82.0,2666115.0,0.0
정원여중,21.0,522656.0,0.0
서대문소방서,73.0,1965648.0,0.0
서대문구청,33.0,798064.0,0.0
서대문구보건소별관,96.0,2312380.0,0.0
봉원사,36.0,1797552.0,0.0
홍제역 2번,121.0,3818628.0,0.0
홍지문,12.0,624944.0,0.0
경기대학교,47.0,1794675.0,0.0
돈의문센트레빌아파트입구,31.0,690752.0,0.0
망원나들목체육관,62.0,1417168.0,0.0
양화대교북단,82.0,3585400.0,0.0
마포구청역 4번,141.0,4191693.0,0.0
새터산,88.0,3335574.0,0.0
성서초등학교,169.0,4105520.0,0.0
성미산체육관,139.0,3917600.0,0.0
경성고등학교,516.0,12861280.0,0.0
마포FM,110.0,2409200.0,0.0
상수역 3번,40.0,934525.0,0.0
홍익대,45.0,1220044.0,0.0
서강대학교,8.0,293472.0,0.0
대흥동주민센터,61.0,1502151.0,0.0
공덕동주민센터,152.0,3065160.0,0.0
한겨레신문사,110.0,2309856.0,0.0
애오개역 3번,20.0,499424.0,0.0
신월3동주민센터,229.0,6397380.0,0.0
신월중학교,66.0,2336040.0,0.0
메디힐병원,232.0,5991552.0,0.0
서서울호수공원,62.0,3901326.0,0.0
신월1동주민센터,217.0,5068140.0,0.0
신월7동주민센터,157.0,4432596.0,0.0
신월1동우편취급국,289.0,7925688.0,0.0
신월시영아파트중문,56.0,1719312.0,0.0
지향초등학교,30.0,1203960.0,0.0
신월4동주민센터,131.0,4514580.0,0.0
신월2동주민센터,114.0,7771101.0,0.0
신정네거리역 2번,15.0,819077.0,0.0
계남근린공원,16.0,565232.0,0.0
신정역 1번,61.0,2210208.0,0.0
신정역 5번,215.0,6041988.0,0.0
등촌역 4번,52.0,1384464.0,0.0
강서고등학교,186.0,4437504.0,0.0
목4동주민센터,37.0,1073385.0,0.0
목동보건지소,265.0,7117000.0,0.0
달마을공원,130.0,2891904.0,0.0
갈산공원,16.0,1252320.0,0.0
목동문화체육센터,24.0,525612.0,0.0
양화초등학교,71.0,4092288.0,0.0
신목동역,27.0,1520656.0,0.0
송정역 4번,22.0,602848.0,0.0
공항시장역 1번,214.0,7488520.0,0.0
방화초등학교,51.0,2573060.0,0.0
송정역 3번,340.0,9558400.0,0.0
공항시장역 3번,134.0,3063104.0,0.0
송정역 2번,66.0,2077128.0,0.0
신방화역 2번,355.0,7234800.0,0.0
신방화역 8번,97.0,2720620.0,0.0
방화역 1번,152.0,3187240.0,0.0
공항고등학교,101.0,2159424.0,0.0
강서구다솔마을,141.0,3053040.0,0.0
신광명마을,28.0,1452480.0,0.0
우장산역 4번,297.0,7204120.0,0.0
양천향교역 7번,455.0,11359320.0,0.0
우장산역 1번,122.0,2526732.0,0.0
화원중학교,200.0,5143464.0,0.0
양천향교역 2번,117.0,3150944.0,0.0
화곡역 2번,137.0,4175914.0,0.0
까치산역 4번,430.0,11049000.0,0.0
발산역 5번,198.0,4846880.0,0.0
화곡역 4번,331.0,14911520.0,0.0
강서새말어린이공원,39.0,817320.0,0.0
까치산역 1번,246.0,9207480.0,0.0
곰달래도서관,111.0,8208920.0,0.0
KC대학교,31.0,823344.0,0.0
화곡2동주민센터,225.0,6432408.0,0.0
신곡초등학교,71.0,4676096.0,0.0
등촌1동주민센터,412.0,9254000.0,0.0
백석중학교,16.0,907218.0,0.0
뜸부기어린이공원,108.0,4211061.0,0.0
화곡4동주민센터,179.0,5921568.0,0.0
등촌역 7번,51.0,2064188.0,0.0
염창무학아파트,16.0,335724.0,0.0
염창역 2번,53.0,1727525.0,0.0
온수역 5번(온수산업단지),61.0,3266808.0,0.0
온수역 1번,34.0,1975512.0,0.0
오류고등학교,12.0,666560.0,0.0
서울공연예술고등학교,52.0,1121700.0,0.0
수궁동주민센터,119.0,7459062.0,0.0
오류지구대,93.0,2717552.0,0.0
오류동역 3번,114.0,3936928.0,0.0
개봉중학교,117.0,2811420.0,0.0
큰굴다리,27.0,1091984.0,0.0
세곡초등학교,234.0,7655115.0,0.0
오류동역 1번,24.0,1407632.0,0.0
개봉3동주민센터,64.0,2525167.0,0.0
개웅초등학교(개웅중학교),87.0,3148824.0,0.0
고척초등학교,83.0,3825245.0,0.0
개봉초등학교,99.0,2666463.0,0.0
구로창업지원센터,165.0,6127704.0,0.0
화원어린이공원,49.0,1411116.0,0.0
구로보건소,471.0,10038640.0,0.0
G타워,80.0,3059532.0,0.0
금천구립가산도서관,77.0,2066016.0,0.0
독산역 1번 출입구,54.0,2983736.0,0.0
서울축산농협 독산역지점(독산파출소),123.0,4164120.0,0.0
금천구청역 1번 출입구,310.0,6440240.0,0.0
금천어울림복지센터,26.0,736420.0,0.0
말미고개,174.0,7203680.0,0.0
금천세무서,57.0,1512270.0,0.0
금천해태공원,102.0,4161864.0,0.0
독산동성당,293.0,8286080.0,0.0
석수역 1번 출입구,100.0,2310976.0,0.0
백산초등학교,71.0,2735850.0,0.0
금산초등학교(금천고등학교),188.0,4660064.0,0.0
시흥4동주민센터(서울신흥초등학교),169.0,3638144.0,0.0
난곡중학교,101.0,4572608.0,0.0
한울중학교,202.0,5790924.0,0.0
시흥동 은행나무사거리,166.0,6382152.0,0.0
삼성산자연공원(서울금천초등학교),109.0,4299840.0,0.0
동일여자고등학교,112.0,2326896.0,0.0
문래소공원,48.0,1088276.0,0.0
선유도역 6번,209.0,5521140.0,0.0
선유도역 1번,537.0,13707760.0,0.0
문래동사거리,62.0,1701504.0,0.0
도림2동유수지내체육시설,43.0,1233768.0,0.0
도신초등학교,98.0,3184720.0,0.0
신길대성유니드아파트,28.0,1744500.0,0.0
대림한신아파트,112.0,3366400.0,0.0
신대림초등학교,35.0,933925.0,0.0
영등포푸르지오아파트,142.0,3620166.0,0.0
당산역 8번,49.0,1093480.0,0.0
신길3동주민센터,167.0,3451752.0,0.0
대림1동주민센터,106.0,4151016.0,0.0
영등포역 2번,199.0,4806855.0,0.0
영동초등학교,99.0,2601536.0,0.0
도림초등학교,36.0,1649328.0,0.0
한림대학교한강성심병원,12.0,583032.0,0.0
신풍역 1번,131.0,3092127.0,0.0
신길역 1번,18.0,382884.0,0.0
보라매역 4번,68.0,1429152.0,0.0
서울지방병무청,107.0,5095116.0,0.0
공군호텔,218.0,7318000.0,0.0
대방역 6번,53.0,2954752.0,0.0
대방역 4번,24.0,619740.0,0.0
신대방역 3번,21.0,837488.0,0.0
신대방역 4번,264.0,7250560.0,0.0
성남고등학교,105.0,3600576.0,0.0
보라매역 2번,173.0,4496940.0,0.0
신대방삼거리역 3번,67.0,2832288.0,0.0
신대방삼거리역 1번,111.0,6569640.0,0.0
노량진역 6번,324.0,9004936.0,0.0
장승배기역 5번,16.0,830799.0,0.0
상도초등학교,60.0,3038880.0,0.0
상도4동주민센터,78.0,1581832.0,0.0
노량진초등학교,90.0,3025710.0,0.0
동작구자원봉사센터,57.0,1209852.0,0.0
상도역 5번,368.0,9594080.0,0.0
숭실대입구역 1번,211.0,5337864.0,0.0
사당종합체육관,15.0,661160.0,0.0
남성역 1번,296.0,8283444.0,0.0
예술인마을,13.0,836704.0,0.0
양지어린이공원,149.0,4177296.0,0.0
이수역 10번,178.0,4766720.0,0.0
경문고등학교(동작동성당),44.0,3462360.0,0.0
KT구로지사,102.0,3201320.0,0.0
미성초등학교,166.0,4590108.0,0.0
미성동주민센터,75.0,3178140.0,0.0
난향초등학교,63.0,2163672.0,0.0
호림박물관(성보고등학교),52.0,1657392.0,0.0
난곡초등학교(난곡동벽화마을),75.0,1973598.0,0.0
난우초등학교,183.0,4373800.0,0.0
신림우방아파트,71.0,3410016.0,0.0
남강고등학교(남강중학교),193.0,6538752.0,0.0
난우중학교,74.0,4042774.0,0.0
국제신학대학원대학교(남서울중학교),111.0,3070016.0,0.0
신림주공2단지(광신고등학교),24.0,531300.0,0.0
신림초등학교,43.0,1077140.0,0.0
원신초등학교(구세군관악영문교회),86.0,1773552.0,0.0
서원동주민센터(신관중학교),64.0,1773660.0,0.0
미림여고,28.0,1268624.0,0.0
신림현대아파트,55.0,1650176.0,0.0
신림역 1번,32.0,765760.0,0.0
신성초등학교,253.0,5439148.0,0.0
은천초등학교(은천교앞),218.0,4460600.0,0.0
영락고등학교,215.0,5556440.0,0.0
관악해태어린이공원,110.0,2202844.0,0.0
서울산업정보학교(서울삼성초등학교),20.0,902352.0,0.0
서울대입구역 8번,193.0,4636440.0,0.0
낙성대역 5번(관악중학교),36.0,2054164.0,0.0
낙성대역 1번(관악구민 종합체육센터),169.0,4472680.0,0.0
인헌고등학교(인헌중학교),135.0,3318480.0,0.0
사당역 4번,345.0,9026388.0,0.0
방배아이파크아파트,111.0,2969696.0,0.0
방배노인종합복지관(이수중학교),84.0,1767987.0,0.0
서문여고,13.0,335871.0,0.0
방배초등학교,171.0,3739968.0,0.0
남태령역(서울전자고등학교),34.0,1178464.0,0.0
내방역 5번,35.0,1201460.0,0.0
방현초등학교(방배119안전센터),67.0,3719275.0,0.0
서래초등학교,55.0,1533140.0,0.0
내방역 4번,89.0,3712176.0,0.0
서초소방서,12.0,772704.0,0.0
방배역 3번,71.0,1508304.0,0.0
내방역 8번,57.0,2468844.0,0.0
내방역 1번,30.0,993856.0,0.0
방배역 1번,2.0,102949.0,0.0
반포4동주민센터(몽마르뜨공원),56.0,1809408.0,0.0
서초중학교,103.0,2875120.0,0.0
신중초등학교,96.0,2966490.0,0.0
잠원역,32.0,1566136.0,0.0
남부터미널역 1번,95.0,5788134.0,0.0
서초동성당,75.0,2758896.0,0.0
한전아트센터,24.0,646080.0,0.0
방아다리근린공원(횃불트리니티신학대학원대학교),24.0,485328.0,0.0
양재근린공원(양재2동주민센터),34.0,908712.0,0.0
염곡동 구룡사(포이동성당),338.0,10097280.0,0.0
법제교육센터(버들어린이공원),84.0,1955714.0,0.0
본마을노인복지센터(서초구립내곡도서관),34.0,1872432.0,0.0
청계산입구역 2번(내곡동주민센터),73.0,1613879.0,0.0
학동근린공원,47.0,2788410.0,0.0
논현초등학교,296.0,7636520.0,0.0
언주역 8번,23.0,1932849.0,0.0
언북중학교,151.0,3223710.0,0.0
역삼역 4번,63.0,2047332.0,0.0
역삼월드메르디앙아파트,48.0,1171339.0,0.0
역삼역 8번,66.0,2266176.0,0.0
베르사이유1아파트,29.0,884832.0,0.0
학동초등학교,26.0,1100308.0,0.0
선정릉역 4번,120.0,3197328.0,0.0
강남세브란스병원미래의학연구센터,33.0,745648.0,0.0
강남구청역 4번,41.0,1454992.0,0.0
매봉역 1번,35.0,1256712.0,0.0
언북초등학교,86.0,1783168.0,0.0
청담초등학교,44.0,1521672.0,0.0
개포지구대옆,62.0,2231528.0,0.0
국악고교사거리,114.0,2359315.0,0.0
강남구보훈회관,20.0,476760.0,0.0
국립국악고등학교,66.0,2017512.0,0.0
포이초등학교(개포목련어린이공원),128.0,5209724.0,0.0
청담역 3번,33.0,2217180.0,0.0
도곡초등학교,172.0,5554640.0,0.0
봉은사역 4번,79.0,4419252.0,0.0
대치2동주민센터,83.0,3610912.0,0.0
은곡마을(은곡마을공원),48.0,3389984.0,0.0
윗방죽마을공원,106.0,9591880.0,0.0
아래방죽마을공원(율현초등학교),57.0,4947321.0,0.0
한국교통안전공단 강남자동차검사소,25.0,710892.0,0.0
삼전역 4번,315.0,10914200.0,0.0
삼전역 1번,458.0,9822440.0,0.0
삼전역 3번,185.0,5810670.0,0.0
석촌고분역 1번,274.0,7281280.0,0.0
석촌고분역 4번,125.0,6359496.0,0.0
석촌고분역 3번,133.0,3356256.0,0.0
송파책박물관,38.0,953120.0,0.0
석촌역 3번,374.0,9063360.0,0.0
송파역 2번,72.0,3184864.0,0.0
송파나루역 3번,36.0,820150.0,0.0
한성백제역 3번,207.0,6580728.0,0.0
석촌중학교(방이육교),33.0,1932840.0,0.0
경찰병원역 3번,78.0,1596969.0,0.0
문정역 2번,234.0,4928480.0,0.0
문정초등학교,184.0,4997160.0,0.0
오금역 4번,37.0,861780.0,0.0
오동나무공원(송파레미니스1단지),144.0,3905496.0,0.0
오금공원(오주중학교),93.0,2280984.0,0.0
보인중학교,139.0,3009672.0,0.0
거여초등학교,36.0,1141940.0,0.0
거여역 1번(거여공원),272.0,5854600.0,0.0
마천공원,4.0,543152.0,0.0
남천초등학교,223.0,5195320.0,0.0
개미어린이공원,20.0,672128.0,0.0
마천1치안센터,56.0,3149160.0,0.0
천호역 1번(천호문구완구거리),116.0,2493540.0,0.0
천호지구대(천호동자전거거리),158.0,3202296.0,0.0
성내천어린이공원(하니사랑길),137.0,5034420.0,0.0
천호태영아파트,32.0,799625.0,0.0
성내중학교,46.0,1190820.0,0.0
강동구립 천호도서관,219.0,4816704.0,0.0
천일초등학교,77.0,1991456.0,0.0
강동구립성내도서관,263.0,8158640.0,0.0
강동성심병원,20.0,432212.0,0.0
천호1동주민센터,143.0,3425221.0,0.0
천호초등학교,47.0,1654240.0,0.0
굽은다리역 1번(십자성마을),156.0,5670398.0,0.0
둔촌동역 1번(한산중학교),338.0,6835212.0,0.0
굽은다리역 2번,72.0,2721242.0,0.0
길동주민센터(강동도서관),493.0,9888120.0,0.0
둔촌고등학교(둔촌중학교),59.0,1467290.0,0.0
묘곡초등학교(고덕아이파크아파트),232.0,5788480.0,0.0
고덕중학교(고덕2동주민센터),97.0,2285892.0,0.0
종로4가,181.0,4175568.0,0.0
이화사거리,252.0,5371320.0,0.0
경찰청앞교차로,63.0,1907367.0,0.0
용산전자상가(용산역),543.0,14601000.0,0.0
올림픽대교북단,69.0,1698768.0,0.0
등나무근린공원,251.0,5032800.0,0.0
월드컵경기장역(월드컵경기장),96.0,8635232.0,0.0
김포공항역(김포공항),317.0,23818428.0,0.0
강서농산물도매시장,81.0,11272380.0,0.0
오류동역,385.0,8385560.0,0.0
구로역,752.0,26300760.0,0.0
가산디지털단지,3339.0,68544800.0,0.0
독산동,792.0,21200840.0,0.0
한강성심병원,159.0,5481918.0,0.0
총신대학교,35.0,1120584.0,0.0
삼호가든사거리,150.0,4034320.0,0.0
논현역 5번,40.0,1616394.0,0.0
논현역 4번,197.0,4176224.0,0.0
양재화물트럭터미널앞,160.0,5889920.0,0.0
"양재시민의숲역(양재동꽃시장, aT센터)",517.0,12050120.0,0.0
영동대교남단교차로,169.0,3565440.0,0.0
대치역,243.0,6530120.0,0.0
휘문고교사거리,102.0,3739960.0,0.0
가락시장,383.0,24638120.0,0.0
황학동주방가구거리상점가,69.0,1749216.0,0.0
마장축산물시장,318.0,7422302.0,0.0
서울약령시장,252.0,5951268.0,0.0
답십리 건축자재시장,35.0,1038860.0,0.0
마포농수산물시장,86.0,4353380.0,0.0
영등포유통상가,72.0,1716012.0,0.0
영일시장,23.0,1090818.0,0.0
영등포청과시장(조광시장),174.0,3860880.0,0.0
영등포역지하도상점가,285.0,6197040.0,0.0
풍납시장,180.0,3866016.0,0.0
잠실 관광특구,3084.0,98509360.0,0.0
헌인가구단지,2.0,397348.0,0.0
아차산역 5번,28.0,935550.0,0.0
남정초등학교,12.0,289040.0,0.0
유엔빌리지길,39.0,6316488.0,0.0
신내IC북측,12.0,951312.0,0.0
상계3동4동주민센터,8.0,437056.0,0.0
청림동주민센터(상도중학교),21.0,695304.0,0.0
대광초등학교,29.0,726780.0,0.0
홍은중학교,12.0,519504.0,0.0
부암동주민센터,26.0,1463776.0,0.0
이태원역 북측,50.0,2006355.0,0.0
답십리 장령당공원,10.0,251748.0,0.0
효문고등학교,16.0,1537152.0,0.0
명지전문대,4.0,137936.0,0.0
관악동부센트레빌아파트(은천로35라길),11.0,247360.0,0.0
논현역 7번,4.0,230820.0,0.0
연희어린이공원,18.0,1480524.0,0.0
도림동주민센터,12.0,327216.0,0.0
충정로역 7번,5.0,274596.0,0.0
흑석2치안센터,0.0,100028.0,0.0
거여역 8번,0.0,51580.0,0.0
덕산중학교,0.0,165292.0,0.0
신대방삼거리역 4번(대림초등학교),4.0,728328.0,0.0
둔촌푸르지오아파트,0.0,70604.0,0.0
다산성곽길,39.0,1024632.0,0.0
서울나래학교(염곡어린이공원),0.0,280912.0,0.0
동대문상가A동,0.0,35888.0,0.0
동대문상가C동,0.0,27584.0,0.0
은마종합상점가,4.0,122644.0,0.0
인수초등학교,6.0,396412.0,0.0
강북문화정보도서관,8.0,162016.0,0.0
온수역 8번,4.0,131628.0,0.0
