commercial_area,total_sales,total_shops,avg_sales_per_shop
신구중학교,11976513934.0,72.0,166340471.3056
삼성중앙역 5번,41722861874.0,342.0,121996672.1462
반포4동주민센터(몽마르뜨공원),4298172438.0,48.0,89545259.125
문래역 3번,1184937003.0,18.0,65829833.5
강동성심병원,4672360971.0,72.0,64893902.375
대방역 3번,21111306234.0,402.0,52515687.1493
테크노상가(엘리시움),1802266319.0,36.0,50062953.3056
갈산공원,3435522270.0,72.0,47715587.0833
신림역 1번,2239286658.0,48.0,46651805.375
한국상담대학원대학교,1606180547.0,36.0,44616126.3056
올림픽대교북단,16084359278.0,366.0,43946336.8251
봉천현대시장,2688000000.0,66.0,40727272.7273
국기원,9258054167.0,228.0,40605500.7325
방아다리근린공원(횃불트리니티신학대학원대학교),4756849476.0,120.0,39640412.3
고척중학교,1831961340.0,48.0,38165861.25
시청역_8번,95264815276.0,2502.0,38075465.7378
북창동(시청역_6번),176912374511.0,4650.0,38045671.9378
화랑대역 7번,2007302977.0,54.0,37172277.3519
서울시청,103263389460.0,2832.0,36463061.25
문래역(문래로데오거리),31300864104.0,864.0,36227851.9722
고덕역,71454937681.0,1980.0,36088352.3641
석관시장,647532267.0,18.0,35974014.8333
서빙고동주민센터,1701248496.0,48.0,35442677.0
황학코아루아파트,6287851463.0,180.0,34932508.1278
방화초등학교,812442903.0,24.0,33851787.625
도산공원북측,6488037111.0,192.0,33791859.9531
창동중학교,2427538547.0,72.0,33715813.1528
경향신문사,12827646213.0,390.0,32891400.5462
낙원시장(낙원지하시장(대일상가)),2494484918.0,78.0,31980575.8718
종암초등학교,2874659597.0,90.0,31940662.1889
강남 마이스 관광특구,137653323335.0,4392.0,31341831.3604
신당 미래유산 먹거리 골목형상점가,9582520932.0,312.0,30713208.1154
염창무학아파트,2136716948.0,72.0,29676624.2778
가락시장,61954222808.0,2100.0,29502010.861
남산케이블카,23053001689.0,810.0,28460495.9123
도봉구민회관,4077557153.0,144.0,28316369.1181
대치역,41261655414.0,1458.0,28300175.1811
수서역,55776823724.0,2010.0,27749663.5443
시청역_1번,43968433862.0,1590.0,27653103.0579
상계제일중학교,3902831073.0,144.0,27102993.5625
삼성역,162954761117.0,6090.0,26757760.4461
고덕 골목형상점가,8720652177.0,330.0,26426218.7182
코엑스,54219322707.0,2058.0,26345637.8557
마장역 3번,7744074170.0,294.0,26340388.3333
대신고등학교,2510478607.0,96.0,26150818.8229
제일시장,20204161926.0,780.0,25902771.7
정릉역 2번,4163900030.0,162.0,25703086.6049
남영동 먹자골목,94776584029.0,3690.0,25684711.119
청와대사랑채,3695753089.0,144.0,25664952.0069
경찰청앞교차로,9586887887.0,378.0,25362137.2672
사당1동먹자골목상점가(사당1동먹자골목),58319202443.0,2310.0,25246407.984
왕십리파출소,3320403647.0,132.0,25154573.0833
노원초등학교,19357895248.0,774.0,25010200.5788
광나루역 1번,16618439445.0,666.0,24952611.7793
염창역 2번,2965636753.0,120.0,24713639.6083
방이동먹자골목,198646329036.0,8046.0,24688830.355
보라매역,20950005287.0,852.0,24589208.0833
삼호가든사거리,18937918220.0,780.0,24279382.3333
을지로입구역,139249048738.0,5736.0,24276333.462
열정도,15051885964.0,624.0,24121612.1218
포스코사거리,235379835428.0,10032.0,23462902.2556
강서농산물도매시장,8566415562.0,366.0,23405507.0
공덕래미안3차아파트,2245064444.0,96.0,23386087.9583
유엔빌리지길,2657270344.0,114.0,23309388.9825
불광역 8번,6802703379.0,294.0,23138446.8673
연희임광아파트,2744224185.0,120.0,22868534.875
봉원사,3797860426.0,168.0,22606312.0595
마포농수산물시장,1884947853.0,84.0,22439855.3929
서울역,127031319406.0,5676.0,22380429.7755
월드컵경기장역(월드컵경기장),10736084317.0,480.0,22366842.3271
청계산입구역 2번(내곡동주민센터),5627302856.0,252.0,22330566.8889
보라매역 4번,3875688504.0,174.0,22274071.8621
구로디지털단지역,130903626243.0,5886.0,22239827.7681
마장역 2번,13755384108.0,624.0,22043884.7885
용두사거리,1584575396.0,72.0,22007991.6111
국회의사당역(국회의사당),247942852592.0,11268.0,22004158.022
송파나루역 2번,30689401709.0,1398.0,21952361.7375
서초3동사거리,67632833535.0,3102.0,21802976.6393
신풍역 1번,14793189215.0,684.0,21627469.6126
강남시장(강남구 강남시장),8398649528.0,390.0,21534998.7897
용강동 상점가,49105657568.0,2286.0,21481040.056
매봉역,79863563188.0,3720.0,21468699.7817
성동구립금호도서관,770964255.0,36.0,21415673.75
암사역 4번(삼성광나루아파트),1915456340.0,90.0,21282848.2222
강남역,506109956304.0,23832.0,21236570.8419
여의도역(여의도),486980191655.0,22950.0,21219180.4643
명동 남대문 북창동 다동 무교동 관광특구,692435812750.0,32748.0,21144369.5111
영등포유통상가,6533510421.0,312.0,20940738.5288
도산공원교차로,73792603204.0,3528.0,20916270.7494
장충동족발거리(남소영길),26437989094.0,1266.0,20883087.752
국립국악고등학교,4720738907.0,228.0,20704995.2061
성내천어린이공원(하니사랑길),13537603157.0,654.0,20699699.0168
종로구청,58170723946.0,2814.0,20671899.0569
청계천공구상가,11772423111.0,570.0,20653373.8789
독립문역 1번,4437101484.0,216.0,20542136.5
63빌딩,18771169350.0,924.0,20315118.3442
강남개포시장,27407138374.0,1350.0,20301583.9807
영등포역(영등포),240359673990.0,11850.0,20283516.7924
명동(명동거리),198659178904.0,9882.0,20103134.882
서래마을카페거리(서래마을),61759682421.0,3084.0,20025837.3609
관성묘,1917394545.0,96.0,19972859.8438
상도1동주민센터앞,2154405196.0,108.0,19948196.2593
세종마을음식문화거리(금천교시장),54092226896.0,2712.0,19945511.3923
국립4.19민주묘지,4306296678.0,216.0,19936558.6944
양재역,150175939938.0,7542.0,19911951.7287
북촌(안국역),124121232517.0,6246.0,19872115.3565
개포고등학교,11553203402.0,582.0,19850864.9519
뚝섬유원지역 1번,1425659450.0,72.0,19800825.6944
로데오거리상점가,67207534151.0,3396.0,19790204.4025
동부시장,2693723272.0,138.0,19519733.8551
은마아파트,46698773400.0,2394.0,19506588.7218
마포경찰서,927368374.0,48.0,19320174.4583
종각역,292855246990.0,15162.0,19315080.2658
삼각지역 14번,3360415020.0,174.0,19312730.0
답십리사거리,21613245551.0,1122.0,19263142.2023
아현역 1번,2653300672.0,138.0,19226816.4638
교대역(법원.검찰청),241493398062.0,12804.0,18860777.7306
선릉역,247015009850.0,13098.0,18858986.8568
수색성당,2021731571.0,108.0,18719736.7685
한남오거리,88449775388.0,4734.0,18683940.7241
충정로역 6번,5601634861.0,300.0,18672116.2033
등촌역 1번,2233035025.0,120.0,18608625.2083
서교시장,1771896923.0,96.0,18457259.6146
암사역,43994576926.0,2394.0,18377016.2598
유진상가,2199885670.0,120.0,18332380.5833
"양재시민의숲역(양재동꽃시장, aT센터)",56803269637.0,3102.0,18311821.2885
천호태영아파트,1754685364.0,96.0,18277972.5417
잠실 관광특구,336940995731.0,18504.0,18209089.6958
노량진중앙시장,9053401036.0,498.0,18179520.1526
공릉역,42294264506.0,2334.0,18120935.9494
약수역 7번,4449560240.0,246.0,18087643.252
은평구청,22836008530.0,1266.0,18037921.4297
신촌 상인회(신촌상점가),2596818211.0,144.0,18033459.7986
강남구청역 2번,3775346044.0,210.0,17977838.3048
방화역 2번,10131133608.0,564.0,17963002.8511
한강미주맨션아파트,5708480120.0,318.0,17951195.3459
구산역,17415210045.0,972.0,17916882.7623
돌곶이역 3번,2550218920.0,144.0,17709853.6111
사가정역,25107192100.0,1422.0,17656253.2349
더케이호텔(양재리본타워2단지아파트),4648342544.0,264.0,17607358.1212
구로구청,24913500978.0,1416.0,17594280.3517
독산동 우시장,11773201344.0,672.0,17519644.8571
서래초등학교,3046367044.0,174.0,17507856.5747
방화역 3번,10386776156.0,594.0,17486155.1448
마포시장,19564511598.0,1122.0,17437176.1123
가인초등학교,4062959461.0,234.0,17363074.6197
서울독일학교,11928550872.0,690.0,17287754.887
상봉역,62940423891.0,3648.0,17253405.6719
연산군묘,1237464189.0,72.0,17187002.625
봉은사역,37754200804.0,2214.0,17052484.5547
금천어울림복지센터,1425557267.0,84.0,16970919.8452
선유도역 6번,17156150281.0,1014.0,16919280.356
은곡마을(은곡마을공원),3246756957.0,192.0,16910192.4844
마들역,17574239754.0,1044.0,16833562.9828
서울대병원,4542400144.0,270.0,16823704.237
미아사거리역,60400835400.0,3594.0,16806019.8664
응암역,12699357827.0,756.0,16798092.3638
잠실새내역(신천),194477846598.0,11586.0,16785590.0741
강남구청역,92944320874.0,5544.0,16764848.6425
등나무근린공원,25242286623.0,1506.0,16761146.496
서초역,93776827123.0,5598.0,16751844.788
방이역 1번,15376170393.0,918.0,16749640.951
당산역,75833543902.0,4530.0,16740296.6671
남성사계시장(남성시장),39961255130.0,2388.0,16734193.9405
마곡역(마곡),47737452710.0,2862.0,16679752.8686
쌍문역둘리상점가,10595582984.0,636.0,16659721.673
신사역,168072703416.0,10110.0,16624401.9205
석계역 7번,43709965480.0,2646.0,16519261.3303
노원역,223130598206.0,13566.0,16447781.0855
성곡미술관,16799287606.0,1026.0,16373574.6647
사당역(사당),165656777040.0,10122.0,16366012.3533
동묘시장(동묘벼룩시장),7264270480.0,444.0,16360969.5495
노량진역(노량진),108967817312.0,6666.0,16346807.2775
불광먹자골목 골목형상점가,25390822625.0,1554.0,16339010.6982
신논현역,216032408898.0,13224.0,16336389.0576
만양로상점가,9298441399.0,570.0,16313055.086
봉은사역 4번,3316032143.0,204.0,16255059.5245
을지로3가역,161458196392.0,9942.0,16240011.7071
화곡역,46747994641.0,2886.0,16198196.3413
응암1동주민센터,4857452675.0,300.0,16191508.9167
도화동 상점가,98747720548.0,6108.0,16166948.3543
공군호텔,18955015471.0,1176.0,16118210.4345
성수역,114955795658.0,7158.0,16059764.691
당산역 8번,2684914019.0,168.0,15981631.0655
대치2동주민센터,6405770783.0,402.0,15934753.1915
한티역,51684679081.0,3246.0,15922575.1944
목2동시장,19382207195.0,1218.0,15913142.1962
내방역,60848819333.0,3852.0,15796682.0698
동구여중,8600101710.0,546.0,15751102.033
구로디지털단지,138198836620.0,8784.0,15733018.7409
중계초등학교,1692146645.0,108.0,15668024.4907
신풍역 2번,1502734756.0,96.0,15653487.0417
강일동주민센터,7226879114.0,462.0,15642595.4848
태릉입구역,24935981579.0,1596.0,15624048.6084
KB국민은행 서강지점,3651514138.0,234.0,15604761.2735
서원동상점가,83982388613.0,5406.0,15535033.0398
광화문역,208756196547.0,13464.0,15504768.0145
오류동역 1번,1115558693.0,72.0,15493870.7361
방화역 1번,13002245879.0,840.0,15478864.1417
방배동카페골목,42685536918.0,2760.0,15465774.2457
신원동주민센터,15208028966.0,984.0,15455313.9898
방이역,16124744604.0,1044.0,15445157.6667
양재근린공원(양재2동주민센터),555879661.0,36.0,15441101.6944
대학로(혜화역),175654635429.0,11400.0,15408301.3534
청담사거리(청담동명품거리),109268242489.0,7098.0,15394229.711
영등포역지하도상점가,20019685316.0,1302.0,15376102.3932
석촌고분역,37769468161.0,2460.0,15353442.3419
성대전통시장(성대시장),18744100555.0,1224.0,15313807.643
가양역 10번,6607864270.0,432.0,15295982.1065
화곡본동시장,12534828255.0,822.0,15249182.792
대림중앙 골목형상점가,7294743922.0,480.0,15197383.1708
종로·청계 관광특구,330042092508.0,21744.0,15178536.2632
학동사거리,146319785784.0,9714.0,15062773.9123
삼성중앙역,88373762697.0,5874.0,15044903.4213
퇴계로5가,5672147638.0,378.0,15005681.582
서울세관,31810096485.0,2136.0,14892367.2683
장훈고등학교,6224420029.0,420.0,14820047.6881
구삼강변맛길,30255229619.0,2046.0,14787502.2576
창동역상점가,26344692885.0,1782.0,14783778.2744
청량리청과물시장,17207676052.0,1164.0,14783226.8488
역삼역,304156558362.0,20598.0,14766315.0967
뱅뱅사거리,120542461356.0,8196.0,14707474.5432
신림역 8번,16566388573.0,1128.0,14686514.6924
선유도역 골목형상점가,30231637781.0,2064.0,14647111.328
누원고등학교,2103088386.0,144.0,14604780.4583
대청초등학교,46485880150.0,3186.0,14590671.7357
르네상스호텔사거리,40342966276.0,2772.0,14553739.6378
종로3가역,293244176437.0,20172.0,14537188.9965
광장시장(광장전통시장),34178644317.0,2352.0,14531736.5293
군자역,99037449146.0,6822.0,14517362.8182
논현역,113382965190.0,7818.0,14502809.5664
문래동사거리,3821711041.0,264.0,14476178.1856
상계역,48702536953.0,3366.0,14468965.2267
삼청동,55102211721.0,3816.0,14439782.9458
용강동주민센터,5024750975.0,348.0,14438939.5833
까치산역,44411642560.0,3078.0,14428733.7752
이화사거리,21101403288.0,1464.0,14413526.8361
잠실역,165175162346.0,11484.0,14383068.8215
한국SGI본부,44504380531.0,3096.0,14374799.9131
오목교역,68858313396.0,4794.0,14363436.2528
NH농협은행 상도동지점,11968170099.0,834.0,14350323.8597
동대문역사문화공원역,90331834812.0,6300.0,14338386.4781
한성대입구역,27674752464.0,1932.0,14324406.0373
보라매공원,77514786561.0,5418.0,14306900.4358
길동역,89528669767.0,6276.0,14265243.7487
서울대입구역,101562594366.0,7122.0,14260403.5897
거여역,28196819699.0,1980.0,14240818.0298
을지로2가,15004378934.0,1056.0,14208692.1723
선정릉역 4번,9530098649.0,672.0,14181694.4182
신정네거리역 4번,2126509143.0,150.0,14176727.62
학동역,66232879002.0,4674.0,14170491.8703
아카데미하우스,9579603928.0,678.0,14129209.3333
쌍문역동측상점가,17710312822.0,1254.0,14123056.4769
약수시장,12444697047.0,882.0,14109633.8401
"총신대입구역(이수, 총신대)",119509539285.0,8490.0,14076506.394
공덕역(공덕오거리),53540785917.0,3804.0,14074864.8573
마포구청역 1번,13405887906.0,954.0,14052293.4025
본서부병원,34616965899.0,2466.0,14037699.0669
이촌종합시장,16558922266.0,1182.0,14009240.4958
수유역,164947336798.0,11784.0,13997567.6169
약수역,48029302503.0,3432.0,13994552.0114
대방역 4번,1175269444.0,84.0,13991302.9048
가산디지털단지,280204098671.0,20034.0,13986428.0059
홍익지구대,4609018747.0,330.0,13966723.4758
동묘앞역(동묘),15464359038.0,1110.0,13931854.9892
양평역,6429971258.0,462.0,13917686.7056
건대입구역(건대),190901298272.0,13722.0,13912060.7981
KB국민은행 중화동지점,1998396473.0,144.0,13877753.2847
삼광초등학교,4740853377.0,342.0,13862144.3772
홍대 걷고싶은 거리,75829238216.0,5472.0,13857682.4225
학동초등학교,498399763.0,36.0,13844437.8611
꿈의숲 장곡 골목형상점가,4471868605.0,324.0,13802063.5957
삼각산119안전센터,1986532926.0,144.0,13795367.5417
벌말어린이공원,9235087009.0,672.0,13742689.0015
문정역 1번,12413060736.0,906.0,13700950.0397
"동원전통종합시장(동원시장, 동원전통시장 상점가)",39617992823.0,2898.0,13670804.9769
양재천카페거리,20559197365.0,1506.0,13651525.4748
양재시장,5628811185.0,414.0,13596162.2826
성수대교남단,51159499808.0,3768.0,13577361.9448
방산종합시장(방산시장),27270068538.0,2010.0,13567198.2776
창동역,31804759427.0,2346.0,13557015.9535
구로역,61156019948.0,4512.0,13554082.4353
개롱역,29668162741.0,2202.0,13473280.0822
석촌시장,25153765879.0,1872.0,13436840.7473
아차산역,43270849502.0,3234.0,13379978.201
종암경찰서,17887465954.0,1338.0,13368808.6353
명일역,50981081414.0,3816.0,13359822.1735
양재역 8번(양재동우체국),44029611555.0,3300.0,13342306.5318
장지역(가든파이브),40962387891.0,3078.0,13308118.2232
신대방삼거리역,35028354696.0,2634.0,13298540.1276
국악고교사거리,7099933131.0,534.0,13295754.927
홍제역 4번,6614128932.0,498.0,13281383.3976
합정역,93185115208.0,7020.0,13274232.9356
청담삼익시장,4294960996.0,324.0,13256052.4568
방배역,56150222334.0,4236.0,13255482.1374
돌곶이역 1번,6674850415.0,504.0,13243750.8234
중랑역 4번,5082632931.0,384.0,13236023.2578
신길6동주민센터,9038996548.0,684.0,13214907.2339
구의역,70586769557.0,5352.0,13188858.2879
이태원(이태원역),207165991652.0,15756.0,13148387.3859
금호사거리,6070674466.0,462.0,13139988.0216
서대문역,56617539304.0,4314.0,13124139.8479
중림동,35407979253.0,2700.0,13114066.39
돈의문센트레빌아파트입구,314720732.0,24.0,13113363.8333
이태원 관광특구,218393686329.0,16662.0,13107291.2213
염곡동 구룡사(포이동성당),20912935753.0,1596.0,13103343.2036
가락시장역,62508452912.0,4776.0,13088034.5293
서울역 12번,32254871717.0,2472.0,13048087.2642
언주역 3번,13043466694.0,1002.0,13017431.8303
영동전통시장,34337612252.0,2640.0,13006671.3076
압구정로데오역(압구정로데오),165472547644.0,12738.0,12990465.3512
영동대교남단교차로,11013951364.0,852.0,12927172.9624
행당시장상점가,32532083609.0,2520.0,12909556.9877
강변역(테크노마트),24083358896.0,1866.0,12906408.8403
목동역 8번출구,49697093464.0,3852.0,12901633.8172
가로수길,132307765515.0,10302.0,12842920.3567
압구정역,86527729132.0,6744.0,12830327.57
문래소공원,2154110256.0,168.0,12822084.8571
신월중앙시장,3690572978.0,288.0,12814489.5069
석계역 1번,20424704566.0,1596.0,12797433.9386
정릉3동주민센터,2218287404.0,174.0,12748778.1839
수유동우체국,4869336773.0,384.0,12680564.513
성신여대입구역 4번,7736781540.0,612.0,12641799.902
논현로18길,1211811876.0,96.0,12623040.375
신림현대아파트,1283763694.0,102.0,12585918.5686
서문여고,904420077.0,72.0,12561389.9583
DMC(디지털미디어시티),89432520497.0,7122.0,12557219.9518
연희동,61829527589.0,4938.0,12521168.001
당산2동(영등포우체국),21321623926.0,1704.0,12512690.0974
신정3동 골목시장,1797209606.0,144.0,12480622.2639
중곡어린이공원,4190395429.0,336.0,12471414.9673
안암역 2번,20796278547.0,1668.0,12467792.8939
굽은다리역,20247668974.0,1626.0,12452440.9434
윗방죽마을공원,6944782548.0,558.0,12445846.8602
신림역(신림),85850491205.0,6906.0,12431290.3569
인사동,96197241601.0,7758.0,12399747.5639
하나은행 망우동지점,11155121219.0,900.0,12394579.1322
도성초등학교,15941117168.0,1290.0,12357455.169
장한평역(장한평),72962858762.0,5916.0,12333140.4263
역삼역 8번,3625898067.0,294.0,12332986.6224
안암역 3번,39584225229.0,3210.0,12331534.3393
"숙대입구역(남영역, 남영동)",22166955400.0,1806.0,12274061.6833
리움미술관,6552204107.0,534.0,12270045.1442
교대입구교차로,46886062676.0,3822.0,12267415.6661
뚝섬역상점가,22687539447.0,1854.0,12237076.2929
서울교통공사,2492637384.0,204.0,12218810.7059
대왕초등학교(세곡동사거리서남측),4545109823.0,372.0,12218037.1586
충무로역,109758529685.0,9006.0,12187267.3423
가산동주민센터,14249050331.0,1170.0,12178675.4966
몽촌토성역,22058841353.0,1812.0,12173753.5061
청계천박물관,583129057.0,48.0,12148522.0208
새마을시장,42872107256.0,3534.0,12131326.3316
정릉우체국,5514438855.0,456.0,12093067.6645
신정네거리역,48420026416.0,4008.0,12080844.9142
우리은행응암동지점,4113874484.0,342.0,12028872.7602
송화벽화시장(송화골목시장),11726724887.0,984.0,11917403.3404
4.19민주묘지역 2번,10866540375.0,912.0,11915066.2007
종암중학교,8426862449.0,708.0,11902348.0918
공덕시장,10330682941.0,870.0,11874348.208
오류시장,5483989815.0,462.0,11870107.8247
서대문소방서,3841813421.0,324.0,11857448.8302
암사종합시장,12518401608.0,1056.0,11854546.9773
온수역 5번(온수산업단지),4052268673.0,342.0,11848738.8099
포이사거리(삼호물산),82081674527.0,6948.0,11813712.5111
우이골목시장(우이시장),6449091793.0,546.0,11811523.4304
마포구청역 4번,7791766111.0,660.0,11805706.2288
장충단 고개,10478682172.0,888.0,11800317.7613
수락산디자인거리,34291761002.0,2910.0,11784110.31
노량진초등학교,4379783133.0,372.0,11773610.5726
홍대입구역(홍대),344591003250.0,29406.0,11718390.9151
종로5가역,49963444225.0,4266.0,11712012.2421
역촌역 3번,3371121529.0,288.0,11705283.0868
그라운드 고척,21414358915.0,1836.0,11663594.1803
대림성모병원,11056926414.0,948.0,11663424.4873
관악소방서(문영여고),1956214854.0,168.0,11644136.0357
행당역 2번,7705937278.0,666.0,11570476.3934
경찰병원역,46490286038.0,4020.0,11564747.7706
뚝섬역,84610630802.0,7332.0,11539911.4569
전곡시장,3043214061.0,264.0,11527325.9886
성신여대,120024410635.0,10422.0,11516447.0001
홍제역,25615226490.0,2226.0,11507289.5283
대치사거리,22774264908.0,1980.0,11502153.9939
북한산우이역 2번,9449393302.0,822.0,11495612.2895
베르사이유1아파트,1309118523.0,114.0,11483495.8158
백학시장,23360166384.0,2046.0,11417481.1261
교육개발원입구사거리,17122006214.0,1500.0,11414670.8093
남부터미널역,53135912285.0,4656.0,11412352.2949
남대문시장(자유상가),42383115350.0,3714.0,11411716.5724
오류동역 4번,1574807149.0,138.0,11411646.0072
충신시장옆,1848258442.0,162.0,11409002.7284
연신내상점가(연빛거리),81026154101.0,7110.0,11396083.5585
경춘선숲길 우측,24626914011.0,2166.0,11369766.3947
영등포시장역 3번,951822091.0,84.0,11331215.369
회현역,21504638698.0,1902.0,11306329.4942
석촌역 7번,35884449381.0,3174.0,11305749.6474
방학초등학교,8466730047.0,750.0,11288973.396
오산중학교,4266759811.0,378.0,11287724.3677
바우뫼공원,4735348802.0,420.0,11274640.0048
문래동주민센터,18465278538.0,1638.0,11273063.8205
"강남구청(청담역_8번, 강남세무서)",21985841363.0,1956.0,11240205.1958
"한양대앞상점가(한양시장, 왕십리맛골목)",32210515572.0,2868.0,11231002.6402
강남시장(동작구 강남시장),1075233768.0,96.0,11200351.75
서울지방병무청,4972044107.0,444.0,11198297.5383
발산역 5번,10950608290.0,978.0,11196940.9918
명동역(명동재미로),36612203464.0,3270.0,11196392.4966
묵1동도깨비시장,7924913115.0,708.0,11193380.1059
망원역,22825993931.0,2046.0,11156399.7708
안암역,19054475642.0,1710.0,11142968.2117
신내역 1번,2135441820.0,192.0,11122092.8125
휘문고교사거리,4534544154.0,408.0,11114078.8088
은평세무서,12729436453.0,1146.0,11107710.692
은행사거리,24573764845.0,2214.0,11099261.4476
상도역 1번,3661617365.0,330.0,11095810.197
외대앞역 2번,4858385881.0,438.0,11092205.2078
신길2동우편취급국,7768836147.0,702.0,11066718.1581
인현시장,21289578573.0,1926.0,11053779.1137
장충초등학교,7554846432.0,684.0,11045097.1228
도봉산역 1번,18914960739.0,1716.0,11022704.3934
신설동역,63426403027.0,5760.0,11011528.3033
북가좌2동주민센터,15635294629.0,1422.0,10995284.5492
대원고등학교,1977084333.0,180.0,10983801.85
영등포시장기계공구상가,1638049677.0,150.0,10920331.18
돌곶이역 5번,7200386961.0,660.0,10909677.2136
문정역 2번,12547616525.0,1152.0,10892028.2335
장안동사거리,53064260377.0,4878.0,10878282.1601
방배동사이길,3718762784.0,342.0,10873575.3918
동대문역,18533748614.0,1710.0,10838449.4819
신용산역(용산역),130679522030.0,12060.0,10835781.2629
잠원역,777618137.0,72.0,10800251.9028
청량리전통시장,25902539157.0,2400.0,10792724.6488
망우역 1번,6661048398.0,618.0,10778395.466
성북초등학교앞,6761543920.0,630.0,10732609.3968
동평화시장,2510653135.0,234.0,10729286.9017
굽은다리역 1번(십자성마을),6932247527.0,648.0,10697912.8503
서경대학교,8469565480.0,792.0,10693895.8081
이태원시장,3012347663.0,282.0,10682083.9113
강서구다솔마을,8185486905.0,768.0,10658186.0742
석촌고분역 1번,14120164591.0,1326.0,10648691.2451
상왕십리역 6번,2234184868.0,210.0,10638975.5619
문정동성당,3243729409.0,306.0,10600422.9052
대명여울빛거리시장(대명시장),25237766462.0,2382.0,10595200.026
성동용답상가시장,28924547030.0,2730.0,10595072.1722
용산세무서,825116515.0,78.0,10578416.859
월곡역,25040025953.0,2370.0,10565411.7945
홍대소상공인상점가,37364245527.0,3540.0,10554871.6178
개봉중앙시장,9874671629.0,936.0,10549862.8515
등촌역,41802029091.0,3966.0,10540098.1067
강북구청,11425967385.0,1086.0,10521148.605
신정롯데캐슬아파트,12240995605.0,1164.0,10516319.2483
상왕십리역 3번,9835016431.0,936.0,10507496.187
목동센트럴아이파크앞,5797917440.0,552.0,10503473.6232
송정역,16821843439.0,1602.0,10500526.4913
석촌고분역 4번,6214659237.0,594.0,10462389.2879
제기동역 6번,16571025190.0,1584.0,10461505.8018
강남골목시장,3196423717.0,306.0,10445829.1405
영중로,9833989554.0,942.0,10439479.3567
두산초등학교,3692125222.0,354.0,10429732.2655
용마문화복지센터,4878727240.0,468.0,10424630.8547
신내1동주민센터,31051865507.0,2982.0,10413100.4383
종로4가,10198940081.0,984.0,10364776.5051
중앙대학교,23068555004.0,2226.0,10363232.257
문현중학교(장지역 1번),9312705957.0,900.0,10347451.0633
석촌역(석촌호수),53092686862.0,5136.0,10337361.1491
마장축산물시장,18686897347.0,1812.0,10312857.2555
삼성전자서울R&D(서울우면초등학교),2660717053.0,258.0,10312856.7946
상봉역 3번,30908287604.0,3000.0,10302762.5347
동의보감타워,6051757716.0,588.0,10292104.9592
둔촌역,51352507629.0,4992.0,10286960.6629
대림역,58267115671.0,5682.0,10254684.2082
왕십리도선동상점가,38177983456.0,3732.0,10229899.104
"신촌역(신촌역, 신촌로터리)",193639841573.0,18972.0,10206611.932
성북구청,19045369633.0,1866.0,10206521.7755
서촌(경복궁역),65230843673.0,6396.0,10198693.5073
용산용문시장,20907589409.0,2052.0,10188883.7276
대흥역 3번,22653749096.0,2226.0,10176886.3863
영등포구청역,75639127052.0,7434.0,10174754.7824
삼전역 1번,26284891620.0,2592.0,10140776.088
등마루시장,971760298.0,96.0,10122503.1042
청계산원터골,3458052074.0,342.0,10111263.3743
혜회동주민센터,6365620780.0,630.0,10104159.9683
신당역,57536133314.0,5700.0,10094058.4761
경희대학교(경희대),56400082181.0,5598.0,10075041.4757
한남IC,5437119356.0,540.0,10068739.5481
덕수교,3130994475.0,312.0,10035238.7019
목동역 5번,2888271176.0,288.0,10028719.3611
서초동성당,3666884018.0,366.0,10018808.7923
북한산보국문역 1번,1081712344.0,108.0,10015855.037
불광역 3번,3964969648.0,396.0,10012549.6162
신한은행 신월동지점,18128631190.0,1812.0,10004763.3499
강동구청역,43373795355.0,4338.0,9998569.6992
독산동,47453391100.0,4752.0,9985982.9756
고덕중학교(고덕2동주민센터),4012170538.0,402.0,9980523.7264
서울시흥동우체국(홈플러스시흥점),15866484078.0,1590.0,9978920.8038
정릉북한산국립공원입구,716974609.0,72.0,9957980.6806
충정로역,11469344855.0,1152.0,9956028.52
상암동상점가,77526038787.0,7806.0,9931596.0527
오류동역,21708823003.0,2190.0,9912704.5676
석수역 1번 출입구,5456934505.0,552.0,9885750.9149
경기고교사거리(경기고교앞사거리),7530556956.0,762.0,9882620.6772
회기역,22969517277.0,2328.0,9866631.1327
미근동,14421250293.0,1464.0,9850580.8012
응암3동주민센터,4889119219.0,498.0,9817508.4719
용산구청,19593048186.0,1998.0,9806330.4234
고척근린시장,5822490439.0,594.0,9802172.4562
군자역 5번,5586349185.0,570.0,9800612.6053
용산전자상가(용산역),30752478893.0,3138.0,9800025.1412
인왕시장(홍제골목형상점가),13029768059.0,1332.0,9782108.1524
연희파출소,6967652660.0,714.0,9758617.1709
번동주공2단지,2742090559.0,282.0,9723725.3865
한일병원,1572536994.0,162.0,9707018.4815
천호역,58648416438.0,6042.0,9706788.5531
도곡초등학교,7909734331.0,816.0,9693301.8762
숙대입구,40199262452.0,4158.0,9667932.2876
마천중앙시장,11251499022.0,1164.0,9666236.2732
삼전역 4번,16458781536.0,1704.0,9658909.3521
난곡초등학교(난곡동벽화마을),2316619572.0,240.0,9652581.55
까치산시장,15284855058.0,1584.0,9649529.7083
동대문패션타운 관광특구,85865983764.0,8922.0,9624073.4997
까치산역 3번,39320566064.0,4086.0,9623241.8169
청량리종합시장,3113615537.0,324.0,9609924.4969
방이역 4번,41970902456.0,4374.0,9595542.3996
서초중학교,2816448281.0,294.0,9579756.0578
강서구청옆,5919346422.0,618.0,9578230.4563
동대문역사문화공원역 5번,11644611730.0,1218.0,9560436.5599
봉천중앙시장,4469996891.0,468.0,9551275.4081
수락산역 4번,17464535618.0,1830.0,9543462.0863
내방역 4번,3490838499.0,366.0,9537810.1066
서교동(홍대),52728528540.0,5532.0,9531548.9046
연서시장,15192025563.0,1596.0,9518813.0094
구로나눔길,14181160521.0,1494.0,9492075.3153
경의중앙 신촌역,6471428635.0,684.0,9461152.9751
목동사거리,26534553789.0,2808.0,9449627.4177
충정로역 3번,6567511801.0,696.0,9436080.1739
논현역 5번,791443176.0,84.0,9421942.5714
장승배기역,10846528893.0,1152.0,9415389.6641
미아역 5번,4619032547.0,492.0,9388277.5346
우장산힐스테이트,2810376331.0,300.0,9367921.1033
쌍문역1번(쌍리단길),9664067336.0,1032.0,9364406.3333
구역삼세무서,57987337760.0,6204.0,9346766.2411
장미원골목시장,2970624086.0,318.0,9341585.1761
응암오거리상점가,22300815722.0,2388.0,9338700.0511
답십리역 6번,839757639.0,90.0,9330640.4333
아현가구거리상점가,2517803947.0,270.0,9325199.8037
강북종합전통시장(강북종합골목시장),23878293807.0,2568.0,9298401.0152
메디힐병원,12040064597.0,1296.0,9290173.3002
선정릉역,38160516701.0,4110.0,9284797.2509
효창공원앞역 5번,12773871960.0,1380.0,9256428.9565
KT월곡지사,3487804704.0,378.0,9226996.5714
숭실대입구역 4번,17360648372.0,1890.0,9185528.2392
강남을지병원,59732088776.0,6522.0,9158553.9368
구남초등학교,2636408170.0,288.0,9154195.0347
삼전역 3번,10050622004.0,1098.0,9153571.9526
송파나루역,8836249200.0,966.0,9147255.9006
장스여성병원,9107762352.0,996.0,9144339.7108
강남언주로,19092940043.0,2088.0,9144128.3731
신대방역 2번,19630639760.0,2148.0,9139031.5456
사당역 10번,32647742482.0,3576.0,9129681.9021
왕십리역(왕십리),37598529849.0,4122.0,9121428.8814
신방화역 2번,18308559152.0,2022.0,9054678.1167
중부경찰서(영화인의거리),36182398917.0,4002.0,9041079.1897
굽은다리역 2번,2708930369.0,300.0,9029767.8967
독산역 1번 출입구,1459942145.0,162.0,9011988.5494
개봉중학교,5064512781.0,564.0,8979632.5904
개봉역,12319720671.0,1374.0,8966317.81
마포역,31414422053.0,3504.0,8965303.0973
방이시장,20101981902.0,2244.0,8958102.4519
"솔샘시장(미아6,7동골목시장)",7158513241.0,804.0,8903623.4341
은행나무시장,4376898040.0,492.0,8896134.2276
종로신진시장,22788216715.0,2568.0,8873916.1663
성미산체육관,4093928267.0,462.0,8861316.5952
독산동 맛나는거리상점가(독산동 맛나는거리),10353781663.0,1170.0,8849386.0368
서울중앙시장(신중앙시장),29490270432.0,3336.0,8840009.1223
상도도깨비 골목형상점가,2011713240.0,228.0,8823303.6842
고덕동성당,8934613754.0,1014.0,8811256.1677
천호역 1번(천호문구완구거리),4219264167.0,480.0,8790133.6813
이경시장,1476074443.0,168.0,8786157.3988
우장산롯데캐슬아파트앞,3679656409.0,420.0,8761086.6881
남영역 1번,15913562679.0,1818.0,8753334.8069
연희세브란스병원,4778269717.0,546.0,8751409.7381
한강로동땡땡거리(은행나무길),29141337018.0,3336.0,8735412.7752
장안현대홈타운1차아파트,6912575602.0,792.0,8727999.4975
모래내시장(서중시장),5632680895.0,648.0,8692408.7886
오류지구대,1876566715.0,216.0,8687808.8657
상계백병원,4794674300.0,552.0,8686004.1667
신정2동주민센터,13393241355.0,1542.0,8685629.9319
숭인시장,7603989030.0,876.0,8680352.774
영등포구청역 2번,9421802367.0,1086.0,8675692.7873
새절역 2번,3693413044.0,426.0,8669983.6714
종로6가,9465082667.0,1092.0,8667658.12
이태원엔틱가구거리,2284194482.0,264.0,8652251.8258
자양한강도서관,10062407814.0,1164.0,8644680.2526
목동로데오거리,5024218855.0,582.0,8632678.445
쌍문시장(쌍문역골목시장),17121769582.0,1986.0,8621233.425
문래예술촌(문래창작촌),65846513672.0,7638.0,8620910.4048
양평역 2번,11891235323.0,1380.0,8616837.1906
창신골목시장,14059004208.0,1638.0,8583030.652
숭실대입구역 1번,10373452134.0,1212.0,8558953.9059
한아름시장,1026852195.0,120.0,8557101.625
양천향교역 7번,18472094221.0,2166.0,8528206.0115
흑리단길,8473634632.0,996.0,8507665.2932
숙대입구역 1번,5304744027.0,624.0,8501192.351
"이화여대 3,5,7길 상점가",29066627443.0,3420.0,8499013.8722
광진정보도서관,9336814010.0,1104.0,8457259.067
강서구청,63390592206.0,7500.0,8452078.9608
금남시장,8566473186.0,1014.0,8448198.4083
방배아이파크아파트,4202440330.0,498.0,8438635.2008
오동나무공원(송파레미니스1단지),6269654286.0,744.0,8426954.6855
중랑역 1번,4292087576.0,510.0,8415857.9922
외대앞역 1번,26908029765.0,3198.0,8414018.0629
한국폴리텍대학서울정수캠퍼스,4888997654.0,582.0,8400339.6117
상도전통시장,8745322271.0,1044.0,8376745.4703
녹두거리(대학동),31725081410.0,3798.0,8353102.0037
낙성대역 1번(관악구민 종합체육센터),7265998063.0,870.0,8351721.9115
신대방1동골목상권,6513643699.0,780.0,8350825.2551
동일여자고등학교,4307402793.0,516.0,8347679.8314
뚝섬역교차로,4452529989.0,534.0,8338071.1404
송파사거리(송파역),18307760350.0,2196.0,8336867.1903
장안제일시장,8150393163.0,978.0,8333735.3405
KT&G 북부지사,1850028585.0,222.0,8333462.0946
목4동주민센터,699752738.0,84.0,8330389.7381
미성동주민센터,2497727929.0,300.0,8325759.7633
우림골목시장,18215905647.0,2190.0,8317765.1356
건대입구역 1번,10776812790.0,1296.0,8315441.9676
보인중학교,5981425528.0,720.0,8307535.4556
청구역 3번,5367619657.0,648.0,8283363.6682
"동대문종합시장(동대문종합시장 신관, 동대문종합시장D동상가)",1086944075.0,132.0,8234424.8106
망우3동주민센터,1777816599.0,216.0,8230632.4028
송정역 2번,1725299139.0,210.0,8215710.1857
구로구민회관,1182273458.0,144.0,8210232.3472
먹골파출소,590517156.0,72.0,8201627.1667
통인시장,13569496172.0,1656.0,8194140.2005
남강고등학교(남강중학교),8895725221.0,1086.0,8191275.5258
어린이대공원역,42419246121.0,5184.0,8182724.9462
성수동카페거리,36520736752.0,4470.0,8170187.1928
효창공원앞역 2번,4211151713.0,516.0,8161146.7306
서울북부고용노동지청,2543316959.0,312.0,8151656.9199
KB국민은행 종암동지점,1759543083.0,216.0,8146032.7917
연신내역,21052999172.0,2586.0,8141144.3047
상일여고(상일초등학교),32626209574.0,4008.0,8140271.8498
중랑역 2번,2388554316.0,294.0,8124334.4082
공항시장역 1번,8896678187.0,1098.0,8102621.2996
신도림역,46473288189.0,5736.0,8102037.6899
경복아파트교차로,14365748454.0,1776.0,8088822.3277
신성시장(신성골목시장),3008974141.0,372.0,8088640.164
천호지구대(천호동자전거거리),6498050763.0,804.0,8082152.6903
미아역,26468486653.0,3288.0,8050026.3543
경리단길남측,22641872664.0,2814.0,8046152.3326
삼각지역,35676948900.0,4440.0,8035348.8514
언주역(차병원),45609617055.0,5682.0,8027035.7365
국립정신건강센터,7312850542.0,912.0,8018476.4715
강서구청가양동별관,960913139.0,120.0,8007609.4917
홍대입구역 3번,22727650358.0,2844.0,7991438.2412
불광역,10057136951.0,1260.0,7981854.723
언북초등학교,2441867102.0,306.0,7979957.8497
영신초등학교,12532840493.0,1572.0,7972544.8429
금천금빛공원(은행나무사거리서측),7024561132.0,882.0,7964355.0249
양천향교역 2번,3773336622.0,474.0,7960625.7848
홍대땡땡거리,25814043561.0,3246.0,7952570.4131
연남동(홍대),188915220414.0,23826.0,7928952.4223
사가정역 1번,14418386574.0,1824.0,7904817.2007
러스크서울병원,5736741190.0,726.0,7901847.3691
삼선동주민센터,14025671349.0,1776.0,7897337.4713
신대림초등학교,708853932.0,90.0,7876154.8
가산동우체국,10367696594.0,1320.0,7854315.6015
먹골역 1번,5035378275.0,642.0,7843268.3411
신금호역 골목형상점가,7947809437.0,1014.0,7838076.3679
시흥동 은행나무사거리,7429132566.0,948.0,7836637.7278
발산역(마곡),140255892731.0,17916.0,7828527.1674
신광명마을,938305234.0,120.0,7819210.2833
개봉동 현대아파트,23659922918.0,3030.0,7808555.4185
촬영소사거리,4726875470.0,606.0,7800124.538
상월곡역 2번,4909179871.0,630.0,7792349.0016
논현2동주민센터,12790304202.0,1644.0,7779990.3905
미아역 8번,6113582205.0,786.0,7778094.4084
능동로골목시장,5771276554.0,744.0,7757092.1425
독산2동주민센터,6697971853.0,864.0,7752282.2373
쌍문2동우체국,9785737293.0,1266.0,7729650.3104
증산역 1번,6304406824.0,816.0,7725988.7549
상도역 5번,16648948236.0,2160.0,7707846.4056
개나리아파트,17150173586.0,2226.0,7704480.4969
미아사거리역 3번,6376266380.0,828.0,7700804.8068
명일역 1번,2490767071.0,324.0,7687552.6883
영동초등학교,3500556365.0,456.0,7676658.6952
"황학시장(서울중앙시장, 신중앙시장)",7966038654.0,1038.0,7674411.0347
서울역 15번,10448860014.0,1362.0,7671703.3877
남산골공원옆,1288207603.0,168.0,7667902.3988
방이역 2번,6059934390.0,792.0,7651432.3106
합정역 8번,34270340954.0,4482.0,7646216.1879
언북중학교,5769025186.0,756.0,7630985.6958
후암시장,4614775260.0,606.0,7615140.6931
도곡1동,16845484510.0,2214.0,7608619.9232
묘곡초등학교(고덕아이파크아파트),8783526523.0,1158.0,7585083.3532
서울과학기술대,7913352151.0,1044.0,7579839.2251
양재화물트럭터미널앞,6183352119.0,816.0,7577637.4007
KB국민은행 망원동지점,11679817645.0,1542.0,7574460.2108
화곡초등학교,5129777662.0,678.0,7566043.7493
중구청(퇴계로4가),6397001843.0,846.0,7561467.8995
방학역 2번,13574884362.0,1800.0,7541602.4233
구로전화국,26259062210.0,3486.0,7532720.0832
구로4동주민센터,16202850020.0,2154.0,7522214.494
신대방역 4번,10831377965.0,1440.0,7521790.2535
우장산역 4번,13392778753.0,1782.0,7515588.5258
남성역골목시장,6218205502.0,828.0,7509910.0266
언남고등학교,944643667.0,126.0,7497171.9603
대방역 6번,1660518578.0,222.0,7479813.4144
고척골목시장상점가(그라운드 고척),2687315786.0,360.0,7464766.0722
가산디지털단지역 1번 출입구,6487022293.0,870.0,7456347.4632
연신내역 5번,8902625383.0,1194.0,7456135.1616
중앙고등학교,5141608986.0,690.0,7451607.2261
장안근린공원,14415252253.0,1938.0,7438210.6569
중구회현체육센터(정화예술대남산캠퍼스),1827984840.0,246.0,7430832.6829
서울금융고등학교,1470988167.0,198.0,7429233.1667
능동우편취급국,9333266924.0,1260.0,7407354.7016
대림3동사거리,17764562250.0,2400.0,7401900.9375
광진경찰서,487967788.0,66.0,7393451.3333
관악중부시장,5886343620.0,798.0,7376370.4511
난우초등학교,6716111813.0,912.0,7364157.6897
영천시장,5688845104.0,774.0,7349929.0749
삼양골목시장(삼양시장),5585099090.0,762.0,7329526.3648
메가박스 상봉,18248020768.0,2490.0,7328522.3968
오금역 4번,131913125.0,18.0,7328506.9444
돈암시장(돈암제일시장),8866577468.0,1212.0,7315657.9769
성동세무서,3948462128.0,540.0,7311966.9037
남가좌파출소,12546417127.0,1716.0,7311431.8922
신도봉시장,700313630.0,96.0,7294933.6458
온수역 1번,874377336.0,120.0,7286477.8
오금역,22747995810.0,3126.0,7277030.0096
영등포전통시장,5324294079.0,732.0,7273625.791
영등포시장역 1번,4974485951.0,684.0,7272640.2792
선사초등학교,914020910.0,126.0,7254134.2063
동대문구청,8730465376.0,1206.0,7239191.8541
굽은다리역 3번,7903880591.0,1092.0,7237985.8892
샤로수길,55812366219.0,7734.0,7216494.2099
"신림역 5번(신림동주민센터, 신림동별빛거리)",17456526452.0,2424.0,7201537.3152
"수유전통시장(수유시장, 수유골목시장)",9457600875.0,1314.0,7197565.3539
신진과학기술고등학교,1942210946.0,270.0,7193373.8741
금천구청역 1번 출입구,12761231577.0,1776.0,7185378.1402
동문시장,1632734805.0,228.0,7161117.5658
경리단길북측,22288286453.0,3114.0,7157445.8744
후암동주민센터,17636569150.0,2466.0,7151893.4104
광운대역 1번,7926264543.0,1110.0,7140778.8676
대림역 2번,11509940647.0,1614.0,7131313.9077
관악구 중앙길,23392436318.0,3288.0,7114487.9313
등촌1동주민센터,16048119915.0,2256.0,7113528.3311
서울시립대,6776240801.0,954.0,7102977.7788
목동깨비시장(목3동시장),12405545866.0,1752.0,7080791.0194
KT대방빌딩,339621737.0,48.0,7075452.8542
상수역(홍대),44806737353.0,6336.0,7071770.4156
신월1동우편취급국,11113941309.0,1572.0,7069937.2195
광진정말공원,8179820504.0,1158.0,7063748.2763
명지대학교,27454158788.0,3888.0,7061254.8323
신대방역 3번,380607642.0,54.0,7048289.6667
사당역 4번,14366702908.0,2040.0,7042501.4255
둔촌2동주민센터,5773655139.0,822.0,7023911.3613
구의사거리,8251431447.0,1176.0,7016523.3393
한양대역 4번,1683718253.0,240.0,7015492.7208
서울대입구역 8번,3280736352.0,468.0,7010120.4103
둔촌동역 1번(한산중학교),12602517077.0,1800.0,7001398.3761
왕십리역 9번,3737578446.0,534.0,6999210.573
방현초등학교(방배119안전센터),2477453215.0,354.0,6998455.4096
장승배기역 4번,9688421361.0,1386.0,6990203.0022
세종대왕기념관교차로,712629819.0,102.0,6986566.8529
중부시장(신중부시장),8339871609.0,1194.0,6984817.093
수궁동주민센터,4098180296.0,588.0,6969694.381
연희사러가,334324303.0,48.0,6965089.6458
송파나루역 1번(송리단길),47746696452.0,6858.0,6962189.6255
동대문역 3번,2503369039.0,360.0,6953802.8861
정릉시장,13034948858.0,1878.0,6940867.3365
도봉우체국,1830368328.0,264.0,6933213.3636
도봉역 2번,14756760723.0,2130.0,6928056.6775
경성고등학교,16782445222.0,2424.0,6923450.9992
신곡종합시장(신월6동 골목시장),2531668483.0,366.0,6917127.0027
뚝도시장,14311609327.0,2094.0,6834579.4303
경수초등학교,22464651672.0,3288.0,6832314.9854
동화동 골목형상점가,6436034816.0,942.0,6832308.7219
영림시장,20245188328.0,2964.0,6830360.4345
창동골목시장,6666739505.0,978.0,6816707.0603
면목역 2번,12141980127.0,1782.0,6813681.3283
신촌역 6번,899114780.0,132.0,6811475.6061
서울서부지방법원,18084825128.0,2658.0,6803922.1701
등촌3동주민센터,15657681110.0,2304.0,6795868.5373
한강성심병원,4888706184.0,720.0,6789869.7
답십리초등학교,7791600399.0,1158.0,6728497.7539
둔촌역전통시장,8148216398.0,1212.0,6722950.8234
길동복조리시장,4217499103.0,630.0,6694443.0206
중화역 4번,8817256382.0,1320.0,6679739.6833
공항시장,2722971307.0,408.0,6673949.2819
GS강동자이아파트,5284047206.0,792.0,6671776.7753
성신여대입구역 7번,4163006923.0,624.0,6671485.4535
은평요양병원,8556132812.0,1284.0,6663654.838
신자초등학교,6510499012.0,978.0,6656951.955
면목역 3번,4791774322.0,720.0,6655242.1139
천호초등학교,957969422.0,144.0,6652565.4306
송정역 3번,12872444525.0,1938.0,6642128.2379
연희대우아파트앞,8719142878.0,1314.0,6635572.9665
성수초등학교,19093317049.0,2880.0,6629623.9753
돌곶이역 8번,7504148476.0,1134.0,6617414.8818
망우본동주민센터,9762686415.0,1476.0,6614286.189
신당역 3번,9794302844.0,1482.0,6608841.3252
구로창업지원센터,4995906059.0,756.0,6608341.3479
선유도역 1번,21267301785.0,3222.0,6600652.3231
솔밭공원역 1번,1702613908.0,258.0,6599278.7132
옥수역 6번,6882923564.0,1044.0,6592838.6628
한성백제역 3번,6264043078.0,954.0,6566082.891
개화산역 1번,5670169816.0,864.0,6562696.5463
신논현역 1번,10449151983.0,1596.0,6547087.7086
면목골목시장(면목시장),12241238592.0,1872.0,6539123.1795
광산사거리,4548727477.0,696.0,6535527.9842
홍대부중,2819767090.0,432.0,6527238.6343
KT금천빌딩(금천구시설관리공단),2776331524.0,426.0,6517210.1502
청량리역(청량리),29777445703.0,4572.0,6513002.1223
독산동정훈단지,3474372716.0,534.0,6506315.9476
서울숲역,4370942497.0,672.0,6504378.7158
구의1동주민센터,17910891605.0,2754.0,6503591.7229
포이초등학교(개포목련어린이공원),3784419860.0,582.0,6502439.622
이수역 5번,3896667444.0,600.0,6494445.74
아래방죽마을공원(율현초등학교),1402063684.0,216.0,6491035.5741
강동역 4번(강풀만화거리),21924118870.0,3384.0,6478758.5313
강북문화예술회관,2829063859.0,438.0,6459049.9064
영신상가(제일상가),735645164.0,114.0,6453027.7544
석관중앙교회,2743195810.0,426.0,6439426.784
구파발역,12124036484.0,1884.0,6435263.5265
한남힐사이드아파트,1232254397.0,192.0,6417991.651
대동초등학교,5447358424.0,852.0,6393613.1737
도봉산입구,15899416414.0,2490.0,6385307.7968
혜원여고,2831977674.0,444.0,6378328.0946
북한산보국문역 2번,763837636.0,120.0,6365313.6333
화양제일골목시장,5536041776.0,870.0,6363266.4092
남천초등학교,7857968148.0,1236.0,6357579.4078
양천향교역 5번,9066912361.0,1428.0,6349378.4041
영천시장입구,914005701.0,144.0,6347261.8125
강남구청역 4번,341275982.0,54.0,6319925.5926
"이화여대(이대역, 이대)",23538295303.0,3732.0,6307153.0823
장곡초등학교,5064422784.0,804.0,6299033.3134
암사역 3번(천호동자전거거리),9183594779.0,1458.0,6298761.8512
정곡초등학교,452650907.0,72.0,6286818.1528
서울약령시장,7870476842.0,1254.0,6276297.3222
경복고등학교,1841868815.0,294.0,6264859.915
예일여고,2515630283.0,402.0,6257786.7736
서원동주민센터(신관중학교),1688393712.0,270.0,6253310.0444
응암동우체국,4836788988.0,774.0,6249081.3798
회현역 1번,1007717578.0,162.0,6220478.8765
건대입구역 6번,19925750464.0,3204.0,6219023.2409
도봉구보건소,6430482557.0,1038.0,6195069.9008
고려대역 6번,10969184775.0,1776.0,6176342.7787
시흥3동 우편취급국,444428240.0,72.0,6172614.4444
종암동주민센터,8515392900.0,1380.0,6170574.5652
대치동아우편취급국,4662569592.0,756.0,6167420.0952
이수역 10번,3918022851.0,636.0,6160413.2877
삼구시장(로타리상가),1588089892.0,258.0,6155387.1783
천호공원(해공체육문화센터),9563242419.0,1554.0,6153952.6506
방이동고분군(방산고등학교),4313187056.0,702.0,6144141.1054
인헌시장(원당종합시장),9842662381.0,1602.0,6143984.0081
사근동살곶이상점가,5231286828.0,852.0,6140008.0141
방학동도깨비시장,6628155780.0,1080.0,6137181.2778
달마을공원,3419906929.0,558.0,6128865.4642
암사역 2번(서울강동초등학교),17561215373.0,2868.0,6123157.3825
서울남부지방법원,14757551439.0,2412.0,6118387.8271
전농119안전센터,989409379.0,162.0,6107465.3025
불광역 7번,6513709575.0,1068.0,6098979.0028
보문역 8번,3804576058.0,624.0,6097077.016
구산역 1번,7498035593.0,1230.0,6095963.8967
오류2동버들시장,13692943557.0,2250.0,6085752.692
배화여자대학교(박노수미술관),17957694506.0,2952.0,6083229.8462
전농로터리시장,3319957451.0,546.0,6080508.152
성자초등학교,5064509933.0,834.0,6072553.8765
가오리역 2번,3527262051.0,582.0,6060587.7165
세검정,1418172945.0,234.0,6060568.141
송파책박물관,760000038.0,126.0,6031746.3333
사당5동주민센터,1157296440.0,192.0,6027585.625
Sh수협은행 오금동금융센터(아랫말어린이공원),1079729917.0,180.0,5998499.5389
한영중고,6622082571.0,1104.0,5998263.1984
서강대역 1번,13665816759.0,2280.0,5993779.2803
덕성여대시반거리,4879233177.0,816.0,5979452.4228
조원동주민센터,1577933192.0,264.0,5977019.6667
KT구로지사,2510245976.0,420.0,5976776.1333
석계역 2번,5946456212.0,996.0,5970337.5622
한강진역 3번,14524916721.0,2442.0,5947959.3452
아현역 2번,3667951507.0,618.0,5935196.6133
한겨레신문사,3235954381.0,546.0,5926656.3755
롯데백화점(시청광장 지하쇼핑센터),13820876549.0,2334.0,5921540.9379
서울고교교차로,2876938237.0,486.0,5919626.0021
성동구보건소,2627199825.0,444.0,5917116.723
우면주공아파트,4825347808.0,816.0,5913416.4314
서대문우체국,1809453172.0,306.0,5913245.6601
영등포시장역 4번,1950980071.0,330.0,5912060.8212
한울중학교,6129865367.0,1038.0,5905457.9644
대흥역 2번,13659784344.0,2316.0,5898007.057
자하문터널,4207369183.0,714.0,5892673.9258
서울공연예술고등학교,1693207995.0,288.0,5879194.4271
상수역 4번,8815112231.0,1500.0,5876741.4873
모래내우체국,5640953000.0,960.0,5875992.7083
고속터미널(고속터미널역),31469244756.0,5358.0,5873319.29
창동역 2번,8794505067.0,1500.0,5863003.378
상도4동주민센터,2074092136.0,354.0,5859017.3333
금호역,12370716616.0,2112.0,5857346.8826
경희대후문,4693126472.0,804.0,5837221.9801
풍납시장,6294127665.0,1080.0,5827895.9861
서울시인재개발원,663982226.0,114.0,5824405.4912
우사단길,12418924017.0,2136.0,5814103.0042
상월곡역 3번,1115428899.0,192.0,5809525.5156
수유초등학교,6880671506.0,1188.0,5791811.032
길동주민센터(강동도서관),16197465401.0,2802.0,5780680.0146
양화대교북단,1662900864.0,288.0,5773961.3333
동대문문구완구거리(동대문문구완구시장),3806228476.0,660.0,5767012.8424
신사1동주민센터,6673197748.0,1158.0,5762692.3558
거여역 1번(거여공원),8224648862.0,1428.0,5759558.0266
이북5도청사,2035507271.0,354.0,5750020.5395
마포구청역 7번,7925417315.0,1392.0,5693546.9217
신대방역 1번,2698012949.0,474.0,5692010.4409
동묘앞역 3번,648760893.0,114.0,5690885.0263
영등포역 2번,6513424420.0,1146.0,5683616.4223
이문제일시장,681334165.0,120.0,5677784.7083
성내전통시장,3183396728.0,564.0,5644320.4397
군자초등학교,406020134.0,72.0,5639168.5278
봉천역 4번(봉천110안전센터),6960461477.0,1236.0,5631441.3244
황학동주방가구거리상점가,1350777252.0,240.0,5628238.55
문성초등학교,12796871410.0,2274.0,5627472.0361
월드순복음교회,4480806892.0,798.0,5615046.2306
대림중앙시장,6216265428.0,1110.0,5600239.1243
장충동주민센터,1074159723.0,192.0,5594581.8906
목동신시가지,40629911253.0,7266.0,5591785.1986
무학봉상점가,6404981212.0,1146.0,5588988.8412
솔밭공원역 2번,4525128452.0,810.0,5586578.3358
대림1동주민센터,2907558823.0,522.0,5570036.0594
원남동사거리,6313357868.0,1134.0,5567334.9806
이대역 5번,3500420547.0,630.0,5556223.0905
성신여대운정그린캠퍼스,10687584520.0,1926.0,5549109.3043
성수1가1동주민센터,2428969841.0,438.0,5545593.2443
정릉아리랑시장,1929707565.0,348.0,5545136.681
효창동주민센터,1562387939.0,282.0,5540382.7624
서울프랑스학교,1460246221.0,264.0,5531235.6856
이수역 9번,5440603391.0,984.0,5529068.4868
서연중학교,4635022287.0,840.0,5517883.675
대흥동주민센터,1588258844.0,288.0,5514787.6528
연신내역 4번,8469072493.0,1536.0,5513719.071
동북프라자,1056499015.0,192.0,5502599.0365
푸른들청소년도서관,13658314363.0,2484.0,5498516.2492
신서초등학교,4615543836.0,840.0,5494695.0429
경희대삼거리,15013125878.0,2736.0,5487253.6104
서울축산농협 독산역지점(독산파출소),3126331072.0,570.0,5484791.3544
신흥시장,4636958945.0,846.0,5481038.9421
월계역 3번,1839676023.0,336.0,5475226.2589
신월7동주민센터,4295175686.0,786.0,5464600.1094
어린이대공원역 4번,2325693586.0,426.0,5459374.615
삼양입구사거리,6545890335.0,1200.0,5454908.6125
연신내역 2번,4123732206.0,756.0,5454672.2302
독산119안전센터,7233146799.0,1332.0,5430290.3896
해방촌 남동측,17318848608.0,3198.0,5415524.8931
용마초등학교,6382216300.0,1182.0,5399506.176
"중곡제일시장(중곡제일골목시장, 광성시장)",8796109752.0,1632.0,5389773.1324
우리은행체육관,2833307338.0,528.0,5366112.3826
중곡역 3번,7527997271.0,1404.0,5361821.4181
시흥초등학교(시흥1동우체국),6365447463.0,1188.0,5358120.7601
오류동역 3번,2118857375.0,396.0,5350649.9369
영등포청과시장(조광시장),4164056176.0,780.0,5338533.559
용두희망어린이공원,383807538.0,72.0,5330660.25
둔촌동역 3번(성내3동주민센터),7019964561.0,1320.0,5318154.9705
관악신사시장,3985204560.0,750.0,5313606.08
영등포구청역 6번,5634528987.0,1062.0,5305582.8503
수유시장옆,3118683713.0,588.0,5303883.8656
망원시장,6228609680.0,1176.0,5296436.8027
서서울 골목형상점가,3367023721.0,636.0,5294062.4544
어린이대공원역 3번,6725988376.0,1272.0,5287726.7107
태릉시장 특화거리,7389524040.0,1398.0,5285782.5751
역촌노인복지관,6372801561.0,1206.0,5284246.7338
금산초등학교(금천고등학교),5166078472.0,984.0,5250079.748
공릉동 국수거리,10984313673.0,2094.0,5245613.0244
정릉역 1번,7551603742.0,1440.0,5244169.2653
성원어린이공원,3837925566.0,732.0,5243067.7131
성서초등학교,4304965046.0,822.0,5237183.7543
대림차이나타운(대림역 12번),4068710143.0,780.0,5216295.0551
창동신창시장,4974723872.0,954.0,5214595.2537
법제교육센터(버들어린이공원),2095978192.0,402.0,5213876.0995
장안1동주민센터,20608206655.0,3954.0,5211989.5435
신길3동주민센터,4122491570.0,792.0,5205166.1237
전농중학교,4739058318.0,912.0,5196335.875
국제신학대학원대학교(남서울중학교),1900383369.0,366.0,5192304.2869
신성초등학교,7380313403.0,1422.0,5190093.8136
명일전통시장,869168798.0,168.0,5173623.7976
관악구신사동주민센터,13607647116.0,2634.0,5166153.0433
장승배기역 5번,371497382.0,72.0,5159685.8611
회기역 1번,928207065.0,180.0,5156705.9167
문정초등학교,4578386908.0,888.0,5155841.1126
청구역 1번,3365146175.0,654.0,5145483.448
중랑동부시장,11230249499.0,2184.0,5142055.6314
태능엔터피아(태릉시장),492583920.0,96.0,5131082.5
난곡 골목형상점가,369081479.0,72.0,5126131.6528
동대문경찰서,799666139.0,156.0,5126064.9936
자양골목전통시장(자양골목시장),4726099318.0,924.0,5114826.1017
홍익대,705739029.0,138.0,5114050.9348
강동구립성내도서관,6840567901.0,1338.0,5112532.0635
답십리공원,1312720787.0,258.0,5088065.0659
새터산,1891747441.0,372.0,5085342.5833
연신내역 3번,1311862651.0,258.0,5084738.9574
도봉세무서,4385065929.0,864.0,5075307.7882
신풍역 3번,1459326848.0,288.0,5067107.1111
미아사거리,6018605158.0,1188.0,5066165.9579
말미고개,4519190492.0,894.0,5055022.9217
증산종합시장,1697996548.0,336.0,5053561.1548
신월문화체육센터,6231445522.0,1236.0,5041622.5906
서일대학교,7055928039.0,1404.0,5025589.7714
잠실나루역,1205848156.0,240.0,5024367.3167
의릉,2621159020.0,522.0,5021377.433
방학1동주민센터,10389510142.0,2070.0,5019087.0251
금천해태공원,2255801130.0,450.0,5012891.4
신금호역 4번,1924903260.0,384.0,5012768.9063
"대림골목시장(대림시장, 양지시장)",5677652592.0,1134.0,5006748.3175
화곡역 4번,9003287010.0,1800.0,5001826.1167
목사랑시장(목4동시장),3629601756.0,726.0,4999451.4545
남성역 1번,8606170190.0,1728.0,4980422.5637
시흥4동주민센터(서울신흥초등학교),4571982685.0,918.0,4980373.2952
신대방삼거리역 3번,1401512839.0,282.0,4969903.6844
성심여자고등학교,3865972484.0,780.0,4956374.9795
마포역 4번,1807432666.0,366.0,4938340.6175
응암시장(신응암시장),2102318020.0,426.0,4935018.8263
중곡1동주민센터,591445161.0,120.0,4928709.675
연희어린이공원,177080688.0,36.0,4918908.0
미아초등학교,1178489515.0,240.0,4910372.9792
동대부고,5303901852.0,1086.0,4883887.5249
새절역 3번,3306231251.0,678.0,4876447.2729
수일시장,2189585977.0,450.0,4865746.6156
송중동주민센터,2359662636.0,486.0,4855272.9136
경창시장,3052097086.0,630.0,4844598.5492
신길동홍어거리,1424016802.0,294.0,4843594.5646
금강수목원아파트,463742673.0,96.0,4830652.8438
방천골목시장,2317542123.0,480.0,4828212.7563
송파나루역 3번,576687882.0,120.0,4805732.35
창신역 4번,1208424818.0,252.0,4795336.5794
우장산역 1번,2403117380.0,504.0,4768090.0397
영등포본동주민센터,342519994.0,72.0,4757222.1389
신월중학교,1168508251.0,246.0,4750033.5407
정원여중,484405734.0,102.0,4749075.8235
숭곡초등학교,8688598976.0,1830.0,4747868.2929
가산초등학교(세일중학교),6293759596.0,1326.0,4746425.0347
뜸부기어린이공원,2498066894.0,528.0,4731187.2992
홍은종합사회복지관,2548990571.0,540.0,4720352.9093
상월곡역 1번,6592161401.0,1398.0,4715423.0336
자양동우체국,4336955198.0,924.0,4693674.4567
면동초등학교,3518992061.0,750.0,4691989.4147
신원시장,5961920510.0,1272.0,4687044.4261
영등포청과시장교차로,6617079221.0,1416.0,4673078.5459
성균관대학교,7923500202.0,1698.0,4666372.3216
면목2동체육관,5289771697.0,1134.0,4664701.6728
가오리역 1번,2432848960.0,522.0,4660630.1916
G타워,1565362772.0,336.0,4658817.7738
보라매역 6번,4820935989.0,1038.0,4644447.0029
마천시장,1281521699.0,276.0,4643194.5616
동대부여고,4726186262.0,1020.0,4633515.9431
보문역 5번,4238653747.0,918.0,4617269.8769
백산초등학교,1212333182.0,264.0,4592171.1439
대진고등학교,3635697977.0,792.0,4590527.7487
논현초등학교,6498516331.0,1416.0,4589347.6914
우림시장,1293687297.0,282.0,4587543.6064
삼선중학교,3793978021.0,828.0,4582099.0592
성산중학교,12064368619.0,2634.0,4580246.2487
광진구청,3456301981.0,756.0,4571828.0172
홍제역 2번,2796386095.0,612.0,4569258.3252
삼각지역 3번,794008344.0,174.0,4563266.3448
신노량진시장(기능상실),985443694.0,216.0,4562239.3241
신설동역 9번,1415259885.0,312.0,4536089.375
답십리시장,3181496739.0,702.0,4532046.6368
방배동가구거리(사당동가구거리),1629612906.0,360.0,4526702.5167
신정1동 골목시장(신정제일시장),3068320895.0,678.0,4525547.0428
구의역 4번,8633059321.0,1908.0,4524664.2144
을지로4가역,4168556173.0,924.0,4511424.4297
화원중학교,4975954455.0,1104.0,4507205.1223
봉일시장,648714379.0,144.0,4504960.9653
배문고등학교,3565240522.0,792.0,4501566.3157
신월3동주민센터,5775850935.0,1284.0,4498326.2734
문정역,64288887819.0,14298.0,4496355.2818
성원중학교,13171623516.0,2940.0,4480144.0531
홍제3동주민센터,6389991250.0,1428.0,4474783.7885
응암역 2번,2411491793.0,540.0,4465725.5426
시립대앞사거리,2855410151.0,642.0,4447679.3629
도봉구 정병원,4028141638.0,906.0,4446072.4481
망원나들목체육관,853545524.0,192.0,4445549.6042
성수119안전센터,7879861645.0,1776.0,4436859.0343
도곡2동주민센터(대치중학교),399286729.0,90.0,4436519.2111
창덕궁,3976578875.0,900.0,4418420.9722
아차산역 1번,6546411617.0,1482.0,4417281.7928
난우중학교,1298422002.0,294.0,4416401.3673
큰굴다리,582838969.0,132.0,4415446.7348
성수2가3동주민센터,2302919126.0,522.0,4411722.4636
문정동 로데오거리 상점가(문정동 로데오거리),5621784409.0,1278.0,4398892.3388
강북중학교,3940480552.0,900.0,4378311.7244
경동시장,3067574349.0,702.0,4369764.0299
종암아이파크2차,3502194001.0,804.0,4355962.6878
구립대학경로당(관악산샘말공원),21015481892.0,4830.0,4351031.4476
양지어린이공원,3457865314.0,798.0,4333164.5539
길음역 8번,3480345105.0,804.0,4328787.444
성신여대입구역 1번,4562832287.0,1056.0,4320863.9081
보라매역 2번,3627926733.0,840.0,4318960.3964
비단길현대시장(현대시장),6944857540.0,1608.0,4318941.2562
먹골역 5번,7899390307.0,1842.0,4288485.5087
암사역 1번,9335642785.0,2178.0,4286337.3669
중랑노인종합복지관,8409699024.0,1962.0,4286289.0031
고척동성당,3443301187.0,804.0,4282712.9192
하나고등학교,719380724.0,168.0,4282028.119
중랑동부시장(중랑교종합상가),102722375.0,24.0,4280098.9583
김포공항역(김포공항),1949855647.0,456.0,4275999.2259
오산고등학교,2503275736.0,588.0,4257271.6599
양원초등학교,1018722055.0,240.0,4244675.2292
신월1동주민센터,4910157904.0,1158.0,4240205.4439
간데메공원,4754944507.0,1122.0,4237918.4554
영신여고,3152419084.0,744.0,4237122.4247
보문역 4번,2022437440.0,480.0,4213411.3333
충무초등학교,2957759281.0,702.0,4213332.3091
상봉역 4번,8030652538.0,1908.0,4208937.3889
월정로시장,908845132.0,216.0,4207616.3519
까치산역 4번,10310954547.0,2454.0,4201692.9694
회기시장,4187949780.0,1002.0,4179590.5988
청룡동주민센터,1604901603.0,384.0,4179431.2578
정릉골 골목형상점가,2256262566.0,540.0,4178264.0111
금빛새마을금고본점,725794517.0,174.0,4171232.8563
방학중학교,4733273865.0,1140.0,4151994.6184
답십리현대시장,2362299947.0,570.0,4144385.8719
남구로역 3번,13170145561.0,3180.0,4141555.2079
화양사거리,9059797658.0,2190.0,4136893.9078
상계5동주민센터,9700014643.0,2346.0,4134703.5989
내방역 5번,371743979.0,90.0,4130488.6556
장신구 특화거리 상점가,989487959.0,240.0,4122866.4958
길음역 7번,1674112316.0,408.0,4103216.4608
석촌역 3번,7216394214.0,1764.0,4090926.4252
연신내역 7번,7883224513.0,1932.0,4080343.9508
중곡초등학교,3784511023.0,930.0,4069366.6914
성동초등학교,1511473017.0,372.0,4063099.5081
동교초등학교,5423509500.0,1338.0,4053445.0673
석촌고분역 3번,2771546877.0,684.0,4051969.1184
화곡2동주민센터,5178233476.0,1278.0,4051825.8811
수유역 2번,3159436602.0,780.0,4050559.7462
신곡초등학교,1044398253.0,258.0,4048055.2442
구로초등학교,7381751403.0,1830.0,4033743.9361
동대문역 1번,2855879415.0,708.0,4033727.9873
경의선책거리,20603734030.0,5112.0,4030464.4034
방배노인종합복지관(이수중학교),1570894676.0,390.0,4027935.0667
개포지구대옆,988513900.0,246.0,4018349.187
경찰병원역 4번(건너말공원),1606616296.0,402.0,3996557.9502
관악우성아파트,2033483262.0,510.0,3987222.0824
당산반도유보라팰리스아파트,2174875865.0,546.0,3983289.13
창2동주민센터,4048078065.0,1020.0,3968703.9853
개봉1동주민센터,10343333576.0,2610.0,3962963.0559
노량진역 6번,6837593554.0,1728.0,3956940.7141
홍릉시장,3224924089.0,816.0,3952112.8542
장로회신학대학교,1776100739.0,450.0,3946890.5311
장평중학교,5935875018.0,1506.0,3941484.0757
서울국제고등학교,4419750748.0,1122.0,3939171.7897
경문고등학교(동작동성당),212597397.0,54.0,3936988.8333
마천역(마천초등학교),11679798941.0,2970.0,3932592.236
서울여자간호대학교,3207597982.0,816.0,3930879.8799
고대앞사거리,2826800579.0,720.0,3926111.9153
미림여고,282438636.0,72.0,3922758.8333
우이천 계성교,2970026080.0,762.0,3897672.021
장지동주민센터(한림연예예술고교),3576767375.0,918.0,3896260.7571
망리단길,37886060791.0,9726.0,3895338.3499
청량리농수산물시장,2237927090.0,576.0,3885290.0868
남구로시장,6658865544.0,1716.0,3880457.7762
면곡골목시장,1160849537.0,300.0,3869498.4567
봉천역 6번,789180535.0,204.0,3868532.0343
국민대학교앞,1601385771.0,414.0,3868081.5725
면목5동주민센터,1738807557.0,450.0,3864016.7933
중곡3동주민센터,6163706464.0,1596.0,3861971.4687
화곡보람2차아파트,391575995.0,102.0,3838980.3431
사가정역 4번,2624199949.0,684.0,3836549.633
구산역 4번,6325639713.0,1650.0,3833721.0382
옥수터널,252543863.0,66.0,3826422.1667
논현역 4번,4107654483.0,1074.0,3824631.7346
암사동성당(효정하나플러스아파트),4744016568.0,1242.0,3819659.0725
방학역 1번,9876655120.0,2586.0,3819278.8554
화곡중앙시장,2472465439.0,648.0,3815533.0849
백련산해모로아파트,2604977123.0,684.0,3808446.0863
도봉역 3번,2846831727.0,750.0,3795775.636
흑석시장,1363538470.0,360.0,3787606.8611
서대문구보건소별관,1703498123.0,450.0,3785551.3844
구로디지털단지역 4번,11069847183.0,2928.0,3780685.5133
신아타운,975242364.0,258.0,3780009.1628
금동어린이공원,2040682986.0,540.0,3779042.5667
성남고등학교,2094773644.0,558.0,3754074.6308
우리시장,1418396448.0,378.0,3752371.5556
용두초등학교,787328606.0,210.0,3749183.8381
수송초등학교,8048801726.0,2148.0,3747114.3976
강남세브란스병원미래의학연구센터,605501701.0,162.0,3737664.821
가좌역 2번,2797851093.0,750.0,3730468.124
영락고등학교,4194046520.0,1128.0,3718126.3475
강북북부골목시장,801376901.0,216.0,3710078.2454
공항고등학교,1577937935.0,426.0,3704079.6596
고려대역 4번,1155052541.0,312.0,3702091.4776
홍대부속여중고앞,6439890697.0,1746.0,3688368.0968
한성대입구역 3번,5593479602.0,1518.0,3684769.1713
장안중학교,2453155651.0,666.0,3683416.8934
신창초등학교,9591192734.0,2604.0,3683253.7381
영등포푸르지오아파트,2320068591.0,630.0,3682648.5571
동묘앞역 2번,2578097404.0,702.0,3672503.4245
세검정초등학교,2045948756.0,558.0,3666574.8315
충정로현대아파트,2700492340.0,738.0,3659203.7127
대림역 5번,3525029109.0,966.0,3649098.4565
공항시장역 3번,2296275329.0,630.0,3644881.4746
명지대학교교회,9073078834.0,2490.0,3643806.7606
망원역 1번,5047827540.0,1386.0,3642011.2121
"천왕역 3번(오류2동주민센터, 서울오류남초등학교)",867667967.0,240.0,3615283.1958
구로보건소,9668810137.0,2682.0,3605074.6223
국민은행방학지점,539054821.0,150.0,3593698.8067
신월4동주민센터,2602325598.0,726.0,3584470.5207
천호역 6번,5666959313.0,1584.0,3577625.8289
영서중학교,171257567.0,48.0,3567865.9792
송천동주민센터,256869792.0,72.0,3567636.0
당곡중학교,7306300403.0,2052.0,3560575.2451
구로119안전센터,1891017070.0,534.0,3541230.4682
보광시장,63712521.0,18.0,3539584.5
수유중앙골목시장(수유중앙시장),2858406783.0,810.0,3528897.263
신사은행나무공원,1734382022.0,492.0,3525166.7114
당고개역 2번,3105068691.0,882.0,3520486.0442
공릉동 도깨비시장,5693382914.0,1620.0,3514433.8975
금호삼성래미안아파트,2042693050.0,582.0,3509781.8729
도림2동유수지내체육시설,606626091.0,174.0,3486356.8448
신방화역 8번,1687463102.0,486.0,3472146.3004
"남부골목시장(남부화곡시장, 남부시장)",7994843226.0,2304.0,3469984.0391
신길역 3번,686987080.0,198.0,3469631.7172
남구로역 2번,10884922075.0,3138.0,3468745.0844
한성대입구역 5번,3078541092.0,888.0,3466825.5541
아현시장,4315178920.0,1248.0,3457675.4167
세곡초등학교,4287933795.0,1242.0,3452442.6691
천동초등학교,745442931.0,216.0,3451124.6806
신영시장,3974048761.0,1152.0,3449695.105
동남상가,743988360.0,216.0,3444390.5556
평창동서측,2059003751.0,600.0,3431672.9183
연신내우체국,2469888449.0,720.0,3430400.6236
사가정시장,7229688941.0,2112.0,3423148.1728
영동교골목시장,574776022.0,168.0,3421285.8452
자양4동주민센터,4053668080.0,1188.0,3412178.5185
석관고등학교,1242746088.0,366.0,3395481.1148
경동고등학교,3694095409.0,1092.0,3382871.2537
수유1동주민센터,2352404972.0,696.0,3379892.2011
증산역 3번,3304372012.0,978.0,3378703.4888
굽은다리역 4번,9338497053.0,2772.0,3368866.1807
독산동성당,5676774215.0,1686.0,3367007.245
화랑대철도공원,1048385858.0,312.0,3360211.0833
백련시장,479931897.0,144.0,3332860.3958
남가좌동현대아파트,477209304.0,144.0,3313953.5
신묵초등학교,5356892872.0,1620.0,3306723.9951
해오름공원,3227268612.0,978.0,3299865.6564
황학동벼룩시장,810045855.0,246.0,3292869.3293
남부터미널역 1번,1223827526.0,372.0,3289858.9409
역삼역 4번,710121627.0,216.0,3287600.125
목동보건지소,4568850918.0,1392.0,3282220.4871
까치산역 1번,4362476206.0,1332.0,3275132.2868
광흥창역 1번,1095732114.0,336.0,3261107.4821
중곡1동 마을마당,4150341556.0,1278.0,3247528.6041
이대 앞 스타트업 상점가,2638974023.0,816.0,3234036.7929
청담역 12번,154381613.0,48.0,3216283.6042
녹번동근린공원,1022585079.0,318.0,3215676.3491
응암역 3번,7386353701.0,2298.0,3214253.1336
장위1동주민센터,924568204.0,288.0,3210306.2639
신한은행 방학동지점,2462091055.0,768.0,3205847.7279
경신고등학교,1153393080.0,360.0,3203869.6667
신중초등학교,1189554532.0,372.0,3197727.2366
삼성산자연공원(서울금천초등학교),1513342393.0,474.0,3192705.4705
상도약수골목형상점가,995694304.0,312.0,3191327.8974
화계중학교,381131942.0,120.0,3176099.5167
장위전통시장,1140468720.0,360.0,3167968.6667
인헌고등학교(인헌중학교),2107430446.0,666.0,3164309.979
선일여고,2113287578.0,678.0,3116943.3304
마포FM,1359743745.0,438.0,3104437.774
미성동 도깨비시장 골목형상점가,1955535262.0,630.0,3104024.2254
봉천제일종합시장,279011662.0,90.0,3100129.5778
노룬산시장(노룬산골목시장),520084060.0,168.0,3095738.4524
신림현대종합상가,314172197.0,102.0,3080119.5784
한국의류시험연구원,2013896579.0,654.0,3079352.5673
신정역 5번,3175118710.0,1038.0,3058881.2235
포방터시장,2633721236.0,864.0,3048288.4676
대림썬프라자,1113041443.0,366.0,3041096.8388
투구봉어린이공원,364047492.0,120.0,3033729.1
고분다리전통시장,2274545099.0,750.0,3032726.7987
영등포동성당,508026975.0,168.0,3023970.0893
대림갑을명가아파트,362014307.0,120.0,3016785.8917
관악해태어린이공원,1622059112.0,540.0,3003813.1704
평창동동측,828713251.0,276.0,3002584.2428
신정역 1번,789779913.0,264.0,2991590.5795
금천철쭉어린이공원(금하마을),983946887.0,330.0,2981657.2333
절두산순교성지,214505872.0,72.0,2979248.2222
석촌역 6번,3605643063.0,1212.0,2974953.0223
중화역 1번,2206501657.0,744.0,2965728.0336
상계중앙시장,3731547627.0,1260.0,2961545.7357
용두동신동아아파트,2391856141.0,810.0,2952908.816
동의초등학교,566611115.0,192.0,2951099.5573
개봉초등학교,1522335086.0,516.0,2950261.7946
구산역 2번,1641597962.0,558.0,2941931.8315
디지털단지오거리,4688167008.0,1602.0,2926446.3221
금천구립가산도서관,771521909.0,264.0,2922431.4735
"신월7동 골목시장(약수시장, 우성상가)",349897566.0,120.0,2915813.05
봉천역 1번(관악초등학교),1956264073.0,672.0,2911107.2515
계상초등학교,4397562958.0,1512.0,2908441.1098
광운대학교 남단,1540762709.0,534.0,2885323.4251
만리시장,841773670.0,294.0,2863175.7483
둔촌동역 4번,1913590819.0,672.0,2847605.3854
남문시장,2383089460.0,840.0,2837011.2619
덕의초등학교,2358514874.0,834.0,2827955.4844
연신초등학교,780370631.0,276.0,2827429.8225
정독도서관,522391594.0,186.0,2808556.957
응암정보도서관,6330835184.0,2256.0,2806221.2695
은천초등학교(은천교앞),3596449861.0,1290.0,2787945.6287
개웅초등학교(개웅중학교),1385462660.0,498.0,2782053.5341
송중초등학교,2553556124.0,918.0,2781651.5512
신림초등학교,199658509.0,72.0,2773034.8472
화계역 2번,199556454.0,72.0,2771617.4167
부암동주민센터,213516961.0,78.0,2737396.9359
효창공원앞역 6번,1491781922.0,546.0,2732201.3223
삼육보건대학교,5360524218.0,1962.0,2732173.4037
삼양사거리역 2번,1047606896.0,384.0,2728142.9583
당고개역 5번,2004793923.0,738.0,2716522.9309
아현역 4번,501399207.0,186.0,2695694.6613
연트럴파크(연남동주민센터),8444781061.0,3138.0,2691134.8187
전곡마을마당공원,3195120316.0,1188.0,2689495.2155
혜화역 1번,1449708857.0,540.0,2684646.0315
상계초등학교,4080660946.0,1524.0,2677599.0459
남부초등학교,2500337791.0,936.0,2671301.0588
한양공고앞 교차로,887262591.0,336.0,2640662.4732
시립서북병원,5068160481.0,1950.0,2599056.6569
면목동우체국,2386278339.0,924.0,2582552.3149
강동구청(강동구청역 2번),740929980.0,288.0,2572673.5417
광진초등학교,1045778365.0,408.0,2563182.2672
돌곶이시장(석관황금시장),1276045436.0,498.0,2562340.2329
길음시장,613811529.0,240.0,2557548.0375
남구로역 5번,5633709045.0,2220.0,2537706.777
신월1파출소,2633364029.0,1044.0,2522379.3381
난향초등학교,557176773.0,222.0,2509805.2838
구로세무서,344487185.0,138.0,2496283.9493
연천초등학교,463620113.0,186.0,2492581.2527
상계2동주민센터,4932390561.0,2016.0,2446622.3021
조원동 펭귄시장(신림중앙시장),1451003277.0,594.0,2442766.4596
방배초등학교,2134786429.0,882.0,2420392.7766
오거리공원,3472862971.0,1440.0,2411710.3965
창신1동주민센터,447766627.0,186.0,2407347.457
서울숲역 1번,930508689.0,390.0,2385919.7154
떡전교사거리,1201967891.0,504.0,2384856.9266
송정체육공원,1768503863.0,744.0,2377021.3212
화원어린이공원,427321862.0,180.0,2374010.3444
미성초등학교,2076039208.0,876.0,2369907.7717
수족관거리,355456461.0,150.0,2369709.74
가리봉파출소,1476932151.0,624.0,2366878.4471
만리재,1299094822.0,552.0,2353432.6486
NH농협은행 보광동지점,1000897480.0,426.0,2349524.6009
전농1동주민센터(전농시장),280111093.0,120.0,2334259.1083
역삼월드메르디앙아파트,111778261.0,48.0,2328713.7708
군자역 4번,1295881964.0,558.0,2322369.1111
북정마을,219775842.0,96.0,2289331.6875
이화달팽이길,2387020391.0,1044.0,2286417.999
오금공원(오주중학교),1039770125.0,456.0,2280197.6425
장미제일시장(중화동제일시장),855402578.0,378.0,2262969.7831
상도역 2번,954060147.0,426.0,2239577.8099
노원역 9번,213071423.0,96.0,2219493.9896
태릉입구역 4번,1100411769.0,498.0,2209662.1867
오!도봉거리 상점가,926158204.0,420.0,2205138.581
홍연시장,746574958.0,342.0,2182967.7135
강서고등학교,1830235295.0,846.0,2163398.6939
대광초등학교,335984043.0,156.0,2153743.8654
대림상가(청계상가),628861354.0,294.0,2138984.1973
관악종합시장(신원시장),203089587.0,96.0,2115516.5313
새남터성지,748029295.0,354.0,2113077.1045
망우역 2번,1836584917.0,870.0,2111017.146
방신전통시장,1093610767.0,522.0,2095039.7835
텃골근린공원,874612840.0,426.0,2053081.784
둔촌고등학교(둔촌중학교),537622361.0,264.0,2036448.3371
금북초등학교,292807263.0,144.0,2033383.7708
본동인정시장(기능상실),194679749.0,96.0,2027914.0521
샘말어린이공원,434109000.0,216.0,2009763.8889
연희초등학교,827663092.0,414.0,1999186.2126
도신초등학교,1005945515.0,516.0,1949506.812
곰달래도서관,992077544.0,510.0,1945250.0863
대조시장,3104912029.0,1602.0,1938147.334
경찰병원역 3번,684699317.0,354.0,1934178.8616
수유북부시장옆,1122831718.0,582.0,1929264.1203
강서새말어린이공원,184609686.0,96.0,1923017.5625
가좌역 3번,891160363.0,468.0,1904188.8098
동대문중앙새마을금고본점,533853101.0,282.0,1893096.1028
송천초등학교,1446364997.0,780.0,1854314.0987
구로시장,1820386471.0,990.0,1838774.2131
신월2동주민센터,744099277.0,408.0,1823772.7377
성수역 골목형상점가,372000000.0,204.0,1823529.4118
쌍문초등학교,1033482083.0,570.0,1813126.4614
양화초등학교,552934406.0,306.0,1806975.183
신설동역 12번,1300207350.0,720.0,1805843.5417
강동구립 천호도서관,2090102895.0,1164.0,1795621.0438
사당역 11번(사당역먹자골목),1188470286.0,666.0,1784489.9189
역촌역 2번,342503876.0,192.0,1783874.3542
마천1치안센터,469905655.0,264.0,1779945.6629
구반포역,565587465.0,318.0,1778576.934
푸른동산공원,1156541692.0,660.0,1752335.897
구산보건지소,2468494339.0,1416.0,1743286.9626
장안초등학교,51621805.0,30.0,1720726.8333
답십리 건축자재시장,123110434.0,72.0,1709867.1389
송파역 2번,491556711.0,288.0,1706794.1354
신길새마을금고신길4동지점,357401694.0,210.0,1701912.8286
양목초등학교,444660419.0,264.0,1684319.7689
난곡중학교,641009107.0,384.0,1669294.5495
남태령역(서울전자고등학교),59902719.0,36.0,1663964.4167
화곡4동주민센터,1514643876.0,924.0,1639224.974
청담근린공원,117464879.0,72.0,1631456.6528
화곡역 2번,1069166047.0,672.0,1591020.9033
신림우방아파트,256347974.0,162.0,1582394.9012
서서울호수공원,358992927.0,228.0,1574530.3816
지향초등학교,131489168.0,84.0,1565347.2381
공덕동주민센터,1138506113.0,732.0,1555336.2199
청량초등학교,320412971.0,210.0,1525776.0524
자동차부품상가,254067765.0,168.0,1512308.125
체부동홍종문가옥,144630030.0,96.0,1506562.8125
KC대학교,197592529.0,132.0,1496913.0985
성내중학교,305275287.0,204.0,1496447.4853
국립재활원,160358815.0,108.0,1484803.8426
광흥창역 6번,213681292.0,144.0,1483897.8611
화곡역 5번,2716942773.0,1854.0,1465449.1764
응봉산,154722558.0,108.0,1432616.2778
고척초등학교,309126446.0,216.0,1431140.9537
내방역 1번,154003012.0,108.0,1425953.8148
면목역 1번,628739831.0,444.0,1416080.7005
호림박물관(성보고등학교),379068920.0,270.0,1403958.963
논현종합시장,100244621.0,72.0,1392286.4028
종로5가역 4번,50000000.0,36.0,1388888.8889
망원월드컵시장,974073798.0,702.0,1387569.5128
개봉3동주민센터,311469664.0,228.0,1366095.0175
구암초등학교,594017080.0,444.0,1337876.3063
연가초등학교,433102076.0,324.0,1336734.8025
도림시장,48039960.0,36.0,1334443.3333
언주역 6번,855082290.0,654.0,1307465.2752
공릉역 2번,1594313020.0,1248.0,1277494.4071
인수동 우편취급국,974786944.0,774.0,1259414.6563
청림동주민센터(상도중학교),89446050.0,72.0,1242306.25
학동근린공원,126631136.0,102.0,1241481.7255
대림한신아파트,527374649.0,432.0,1220774.6505
갈현건영아파트,186438590.0,156.0,1195119.1667
보라매동주민센터(당곡고등학교),485857547.0,408.0,1190827.3211
가리봉시장,511289419.0,432.0,1183540.3218
내를건너서숲으로도서관,218580216.0,192.0,1138438.625
홍파초등학교,215226398.0,192.0,1120970.8229
신수동주민센터,690856865.0,618.0,1117891.3673
신정2동 골목시장(오목교중앙시장),193476398.0,174.0,1111933.3218
세명컴퓨터고등학교,159071455.0,144.0,1104662.8819
상봉역 7번,349899709.0,318.0,1100313.5503
회기역 2번,132000000.0,120.0,1100000.0
금천세무서,286462780.0,264.0,1085086.2879
증산역 4번,860647273.0,798.0,1078505.3546
삼성동 시장(삼성동시장),306785128.0,288.0,1065226.1389
동진시장,114346290.0,108.0,1058761.9444
불광중학교,357273059.0,354.0,1009245.9294
청량종합도매시장,509299584.0,516.0,987014.6977
해방촌예술마을,1098056205.0,1116.0,983921.3306
상도초등학교,280649165.0,288.0,974476.2674
상계주공1단지(가)상가,80647268.0,84.0,960086.5238
중암중학교,169195101.0,180.0,939972.7833
신대방삼거리역 1번,474208066.0,510.0,929819.7373
밤나무골시장,89067366.0,96.0,927785.0625
서빙고역 1번,85288230.0,96.0,888419.0625
논현목련공원,229812233.0,264.0,870500.8826
신동시장,30589550.0,36.0,849709.7222
옥정중학교,30467608.0,36.0,846322.4444
대원종합시장,44194537.0,54.0,818417.3519
장위동성당,14679288.0,18.0,815516.0
삼양사거리역 1번,93711664.0,120.0,780930.5333
한국교통안전공단 강남자동차검사소,79649498.0,102.0,780877.4314
북가좌초등학교,420171802.0,558.0,752996.0609
무너미어린이공원,227819385.0,306.0,744507.7941
천호1동주민센터,499942382.0,702.0,712168.6353
삼성중앙역 7번,25228749.0,36.0,700798.5833
원신초등학교(구세군관악영문교회),182479023.0,282.0,647088.734
신월시영아파트중문,123393552.0,192.0,642674.75
목동문화체육센터,61283652.0,96.0,638371.375
동작구자원봉사센터,59396595.0,96.0,618714.5313
서울산업정보학교(서울삼성초등학교),41533898.0,72.0,576859.6944
대림역 11번,130601776.0,240.0,544174.0667
선정중학교,152992515.0,300.0,509975.05
언주중학교,36547129.0,72.0,507599.0139
홍제역 3번,96098658.0,192.0,500513.8438
경기대학교,78277358.0,162.0,483193.5679
방배역 3번,27950789.0,60.0,465846.4833
경동광성상가(경동시장),78183245.0,168.0,465376.4583
백운시장,32027311.0,72.0,444823.7639
거여초등학교,31588961.0,72.0,438735.5694
석촌중학교(방이육교),32846045.0,78.0,421103.141
사직공원(한국사회과학도서관),128614901.0,318.0,404449.3742
등촌역 4번,83037691.0,216.0,384433.7546
영진시장A동,33804668.0,90.0,375607.4222
낙성대역 5번(관악중학교),24467399.0,72.0,339824.9861
문래중학교,38674375.0,132.0,292987.6894
천일초등학교,83588735.0,294.0,284315.4252
인수중학교,21491460.0,96.0,223869.375
총신대학교,11075855.0,78.0,141998.141
서울숲카페거리,118066021.0,900.0,131184.4678
도림초등학교,4483173.0,36.0,124532.5833
신목동역,2830464.0,66.0,42885.8182
청량리수산시장,3216037.0,78.0,41231.2436
상신초등학교입구,698888730.0,0.0,
